"Frame","Time (aligned)","Time [ s]","Intensity Ch3-T2","background","Intensity (bg-subst)","bleach-Corrected","Normalized"
1.0,-13.733333333333334,0.0,218.803,208.091,10.711999999999989,10.712107120535592,1.0702798526939294
2.0,-10.733333333333334,180.0,220.107,210.374,9.733000000000004,9.733194661946618,0.9724736722487813
3.0,-7.733333333333333,360.0,222.35,212.422,9.927999999999997,9.928297844467641,0.9919670364486604
4.0,-4.733333333333333,540.0,218.064,208.427,9.637,9.637385487709702,0.9629010804388624
5.0,-0.3333333333333333,804.0,218.063,208.031,10.031999999999982,10.032501612540191,1.0023783581697658
6.0,2.55,977.0,198.164,187.081,11.082999999999998,11.083664999949796,1.1074033530447007
7.0,5.833333333333334,1174.0,193.899,184.11,9.788999999999987,9.789685253983597,0.9781178225399995
8.0,8.833333333333332,1354.0,196.917,186.436,10.480999999999995,10.481838513540088,1.0472730018473089
9.0,11.833333333333332,1534.0,199.651,189.654,9.997000000000014,9.997899770489079,0.9989211807912455
10.0,14.833333333333332,1714.0,198.65,189.004,9.646000000000015,9.646964648231624,0.9638581640823484
11.0,17.833333333333336,1894.0,197.056,187.352,9.704000000000008,9.70506749871136,0.9696634001160075
12.0,20.833333333333336,2074.0,198.19,188.93,9.259999999999991,9.261111266674657,0.9253063557660778
13.0,23.833333333333336,2254.0,198.104,189.075,9.029000000000025,9.030173846298382,0.9022326816998426
14.0,26.833333333333336,2434.0,198.109,188.624,9.485000000000014,9.486327992957351,0.9478084575391227
15.0,29.833333333333336,2614.0,196.343,187.171,9.171999999999997,9.173375903190157,0.9165404434343923
16.0,32.83333333333333,2794.0,196.161,187.223,8.937999999999988,8.939430194412491,0.8931662019418914
17.0,35.83333333333333,2974.0,196.449,187.626,8.823000000000008,8.824500037499583,0.8816831734371608
18.0,38.83333333333333,3154.0,198.408,189.728,8.679999999999978,8.681562540624416,0.8674018447145684
19.0,41.83333333333333,3334.0,196.343,187.803,8.539999999999992,8.541622754156755,0.8534200265380583
20.0,44.83333333333333,3514.0,197.663,190.045,7.618000000000023,7.619523752370181,0.7612902548044079
21.0,47.83333333333333,3694.0,197.722,190.037,7.685000000000002,7.6866140194661146,0.7679934515122693
22.0,50.83333333333333,3874.0,197.077,190.273,6.804000000000002,6.805497044668877,0.6799583212264403
23.0,53.83333333333333,4054.0,194.684,187.722,6.961999999999989,6.963601444159008,0.6957550222389016
24.0,56.83333333333333,4234.0,193.311,187.818,5.492999999999995,5.494318478211052,0.5489544032135522
25.0,59.83333333333333,4414.0,194.016,189.401,4.614999999999981,4.61615389423075,0.4612142554529246
26.0,62.83333333333333,4594.0,190.973,187.656,3.3170000000000073,3.3178625321243245,0.33149793800448685
27.0,65.83333333333334,4774.0,189.941,187.429,2.5120000000000005,2.5126783315706414,0.25104948674618877
28.0,68.83333333333334,4954.0,191.527,189.366,2.160999999999973,2.16160516471908,0.2159726775736631
29.0,71.83333333333334,5134.0,191.16,189.408,1.7520000000000095,1.7525081536787317,0.17509852613109433
30.0,74.83333333333334,5314.0,190.588,189.331,1.257000000000005,1.257377156570662,0.12562845225243363
31.0,77.83333333333334,5494.0,189.079,187.216,1.8629999999999995,1.8635776195264002,0.18619582101515564
32.0,80.83333333333334,5674.0,188.406,186.706,1.700000000000017,1.700544087049302,0.16990663503518616
33.0,83.83333333333334,5854.0,190.393,189.039,1.3540000000000134,1.3544468937334238,0.13532699081469593
34.0,86.83333333333334,6034.0,190.472,188.852,1.6200000000000045,1.6205508936466175,0.16191426693354402
35.0,89.83333333333334,6214.0,190.582,188.598,1.9839999999999804,1.984694521534159,0.19829698641436122
36.0,92.83333333333334,6394.0,190.076,188.399,1.6769999999999925,1.677603828682634,0.1676146026582535
37.0,95.83333333333334,6574.0,189.549,188.136,1.413000000000011,1.4135229067317907,0.14122945853446195
38.0,98.83333333333334,6754.0,187.471,185.653,1.818000000000012,1.8186909712762398,0.1817110567445474
39.0,101.83333333333334,6934.0,187.188,185.534,1.6539999999999964,1.6546451858030502,0.16532073342760445
40.0,104.83333333333334,7114.0,189.228,187.559,1.6690000000000111,1.6696677335378156,0.166821682773586
41.0,107.83333333333334,7294.0,189.177,187.793,1.3839999999999861,1.3845675563410855,0.13833643965384831
42.0,110.83333333333334,7474.0,187.121,185.488,1.6330000000000098,1.6336860040507761,0.1632266365607606
43.0,113.83333333333334,7654.0,186.941,185.234,1.7069999999999936,1.707734167834766,0.17062501831098176
44.0,116.83333333333334,7834.0,188.709,187.21,1.4989999999999952,1.4996597051244793,0.14983565326887793
45.0,119.83333333333334,8014.0,188.405,187.163,1.2419999999999902,1.2425590257713552,0.12414792683660036
46.0,122.83333333333334,8194.0,186.658,185.189,1.468999999999994,1.4696758954440279,0.14683987783021785
47.0,125.83333333333334,8374.0,188.112,186.974,1.1380000000000052,1.1385349857117992,0.11375456229881162
48.0,128.83333333333331,8554.0,186.302,184.997,1.3049999999999784,1.305626550360035,0.13044919886151718
49.0,131.83333333333331,8734.0,186.291,184.572,1.718999999999994,1.7198425163996547,0.17183480097769466
50.0,134.83333333333331,8914.0,186.078,185.066,1.0120000000000005,1.0125061265210864,0.10116262801995836
51.0,137.83333333333331,9094.0,188.386,186.375,2.0109999999999957,2.0120258715750117,0.20102774638217114
52.0,140.83333333333331,9274.0,185.795,184.23,1.5649999999999977,1.5658140116246777,0.15644533525015383
53.0,143.83333333333331,9454.0,187.621,186.391,1.2300000000000182,1.230652072784042,0.12295826622679702
54.0,146.83333333333331,9634.0,187.685,186.097,1.5879999999999939,1.588857751572075,0.1587477067928298
55.0,149.83333333333331,9814.0,185.193,184.094,1.099000000000018,1.0996046162542465,0.10986490831948635
56.0,152.83333333333331,9994.0,186.878,185.357,1.5209999999999866,1.5218519985373116,0.15205295414699302
57.0,155.83333333333331,10174.0,187.19,185.72,1.4699999999999989,1.4708381388468776,0.14695600117401936
58.0,158.83333333333331,10354.0,187.121,185.692,1.429000000000002,1.429829060404278,0.14285865693158567
59.0,161.83333333333331,10534.0,187.044,185.347,1.6970000000000027,1.6980015254209493,0.16965259981555678
60.0,164.83333333333331,10714.0,188.769,186.973,1.7959999999999923,1.7970779233446579,0.17955163007935515
61.0,167.83333333333331,10894.0,186.818,184.875,1.943000000000012,1.9441855915686774,0.19424961355779885
62.0,170.83333333333331,11074.0,186.236,185.116,1.1199999999999761,1.120694615308471,0.1119720755487795
63.0,173.83333333333331,11254.0,185.956,184.586,1.3699999999999761,1.3708633719335792,0.13696721207761933
64.0,176.83333333333331,11434.0,184.108,182.595,1.5130000000000052,1.5139686299285198,0.15126530233410415
65.0,179.83333333333331,11614.0,185.809,184.298,1.5109999999999957,1.5119824692679167,0.1510668588611873
66.0,182.83333333333331,11794.0,185.883,184.238,1.6450000000000102,1.6460860583598451,0.16446556445328187
67.0,185.83333333333331,11974.0,183.942,181.662,2.280000000000001,2.28152811186031,0.22795455123835814
68.0,188.83333333333331,12154.0,183.716,181.993,1.7230000000000132,1.7241720384479229,0.17226737695625002
69.0,191.83333333333331,12334.0,185.388,183.883,1.5049999999999955,1.5060388083476606,0.15047300926067317
70.0,194.83333333333331,12514.0,185.235,183.863,1.372000000000014,1.3729607362184606,0.13717676624960526
71.0,197.83333333333331,12694.0,185.326,183.355,1.9710000000000036,1.9723999069081484,0.19706859332766127
72.0,200.83333333333331,12874.0,182.953,181.267,1.686000000000007,1.6872143571161087,0.16857482036708984
73.0,203.83333333333331,13054.0,182.794,181.029,1.7650000000000148,1.7662889203987215,0.17647540528373137
74.0,206.83333333333331,13234.0,182.392,180.653,1.7390000000000043,1.7402873362556734,0.1738775063518694
75.0,209.83333333333331,13414.0,186.562,184.534,2.02800000000002,2.0295215705176406,0.20277579593735126
76.0,212.83333333333331,13594.0,182.323,180.773,1.5500000000000114,1.5511784477534352,0.15498305066244866
77.0,215.83333333333331,13774.0,184.242,182.362,1.8799999999999955,1.88144815746907,0.18798132189762679
78.0,218.83333333333331,13954.0,184.114,182.377,1.7369999999999948,1.7383553885328042,0.17368447946173676
79.0,221.83333333333331,14134.0,184.361,181.878,2.483000000000004,2.4849623450242304,0.24828029655191852
80.0,224.83333333333331,14314.0,183.839,182.043,1.7959999999999923,1.7974373748732817,0.17958754399664306
81.0,227.83333333333331,14494.0,184.122,182.009,2.113000000000028,2.1147122233568716,0.21128745833446078
82.0,230.83333333333331,14674.0,183.98,181.931,2.048999999999978,2.050680869062109,0.20488988709369027
83.0,233.83333333333331,14854.0,183.848,181.882,1.9660000000000082,1.9676324573761026,0.19659226265569646
84.0,236.83333333333331,15034.0,183.687,181.868,1.8190000000000168,1.8205286019229427,0.18189466012301705
85.0,239.83333333333331,15214.0,183.948,181.798,2.1500000000000057,2.151828276907614,0.21499583838330424
86.0,242.83333333333331,15394.0,183.948,181.911,2.037000000000006,2.0387525734985936,0.20369809408089126
87.0,245.83333333333331,15574.0,184.296,181.94,2.3559999999999945,2.358050611886823,0.23560015159826683
88.0,248.83333333333331,15754.0,184.011,181.626,2.384999999999991,2.3870997237429354,0.23850253847774894
89.0,251.83333333333331,15934.0,184.036,181.583,2.453000000000003,2.455184141798932,0.24530506389200943
90.0,254.83333333333331,16114.0,183.796,181.456,2.3400000000000034,2.3421069479843775,0.23400717067855606
91.0,257.83333333333337,16294.0,181.703,179.494,2.209000000000003,2.211011104913956,0.2209089783218704
92.0,260.83333333333337,16474.0,181.803,179.566,2.2369999999999948,2.2390589869887827,0.22371132922796566
93.0,263.83333333333337,16654.0,181.705,179.169,2.5360000000000014,2.538359577033255,0.25361537964675834
94.0,266.83333333333337,16834.0,183.48,180.811,2.6689999999999827,2.6715100395337408,0.26691885540438526
95.0,269.83333333333337,17014.0,181.984,178.821,3.163000000000011,3.166006277755848,0.3163255085536489
96.0,272.83333333333337,17194.0,183.426,181.039,2.3870000000000005,2.3892926202816627,0.23872163757356948
97.0,275.83333333333337,17374.0,181.36,179.022,2.3380000000000223,2.340268960267847,0.23382353162413227
98.0,278.83333333333337,17554.0,183.383,180.383,3.0,3.0029414410707114,0.3000331948731448
99.0,281.83333333333337,17734.0,182.966,180.71,2.2560000000000002,2.258234545917723,0.22562721880551162
100.0,284.83333333333337,17914.0,180.988,178.473,2.5149999999999864,2.5175162579192576,0.2515328589755249
101.0,287.83333333333337,18094.0,180.524,178.429,2.094999999999999,2.0971170189145867,0.20952946687613164
102.0,290.83333333333337,18274.0,182.897,180.562,2.3349999999999795,2.3373829150800716,0.2335351778965525
103.0,293.83333333333337,18454.0,180.76,178.327,2.4329999999999927,2.4355072810280576,0.2433390876923355
104.0,296.83333333333337,18634.0,180.921,178.357,2.563999999999993,2.5666679470920095,0.2564437567153937
105.0,299.83333333333337,18814.0,182.731,180.011,2.719999999999999,2.7228574999249266,0.2720491394582417
106.0,302.83333333333337,18994.0,182.302,179.699,2.60299999999998,2.6057606428822195,0.26034962922217114
107.0,305.83333333333337,19174.0,180.063,177.882,2.180999999999983,2.1833349189588556,0.21814376472814437
108.0,308.83333333333337,19354.0,181.96,179.808,2.1520000000000152,2.154325415498354,0.21524533524633788
109.0,311.83333333333337,19534.0,180.491,177.634,2.8570000000000277,2.8601158278176952,0.28576304479031817
110.0,314.83333333333337,19714.0,182.45,179.546,2.9039999999999964,2.907196157564378,0.29046698658431525
111.0,317.83333333333337,19894.0,179.892,177.409,2.483000000000004,2.4857576602182827,0.24835975896012238
112.0,320.83333333333337,20074.0,181.893,179.206,2.687000000000012,2.6900111259157615,0.26876735633747123
113.0,323.83333333333337,20254.0,180.23,177.268,2.961999999999989,2.9653489518014005,0.29627721265369655
114.0,326.83333333333337,20434.0,180.22,177.355,2.865000000000009,2.868267962384648,0.28657754984383216
115.0,329.83333333333337,20614.0,179.306,177.177,2.129000000000019,2.1314497583410814,0.2129597573766369
116.0,332.83333333333337,20794.0,181.247,178.801,2.4460000000000264,2.4488390063053362,0.24467110172144915
117.0,335.83333333333337,20974.0,181.756,178.666,3.0900000000000034,3.0936174157755754,0.30909291279399653
118.0,338.83333333333337,21154.0,181.305,178.586,2.718999999999994,2.7222103137125813,0.2719844770761146
119.0,341.83333333333337,21334.0,181.608,178.745,2.8629999999999995,2.8664089979514906,0.2863918149405778
120.0,344.83333333333337,21514.0,179.185,176.081,3.1040000000000134,3.1077270357742335,0.3105026486978489
121.0,347.83333333333337,21694.0,179.387,176.161,3.225999999999999,3.2299058225460966,0.322709910297934
122.0,350.83333333333337,21874.0,179.124,175.925,3.198999999999984,3.2029051616642286,0.3200121905098369
123.0,353.83333333333337,22054.0,178.816,175.995,2.820999999999998,2.824471964820635,0.2822017558666102
124.0,356.83333333333337,22234.0,180.493,177.303,3.1899999999999977,3.1939580534860004,0.31911825717671394
125.0,359.83333333333337,22414.0,179.947,177.139,2.8079999999999927,2.8115121946643407,0.28090690502748494
126.0,362.83333333333337,22594.0,179.623,176.634,2.9890000000000043,2.992768513665039,0.29901678613836497
127.0,365.83333333333337,22774.0,179.938,175.929,4.008999999999986,4.014094664427132,0.4010606501410484
128.0,368.83333333333337,22954.0,179.24,175.847,3.3930000000000007,3.39734582073192,0.33943935993626384
129.0,371.83333333333337,23134.0,179.075,175.571,3.5039999999999907,3.5085230767572613,0.3505474244713549
130.0,374.83333333333337,23314.0,176.794,173.297,3.497000000000014,3.5015490562459153,0.34985062844779213
131.0,377.83333333333337,23494.0,178.933,175.086,3.84699999999998,3.852042872360203,0.38486955289093916
132.0,380.83333333333337,23674.0,176.481,173.039,3.4420000000000073,3.4465464399902577,0.3443551464327707
133.0,383.83333333333337,23854.0,178.457,174.145,4.311999999999983,4.317738775439707,0.4313986752139035
134.0,386.83333333333337,24034.0,177.987,174.04,3.9470000000000027,3.9522925251999483,0.3948858066929806
135.0,389.83333333333337,24214.0,175.967,171.868,4.099000000000018,4.104537386895181,0.4100970631073428
136.0,392.83333333333337,24394.0,176.027,171.781,4.245999999999981,4.251778488481491,0.42480837832693963
137.0,395.83333333333337,24574.0,175.767,171.569,4.1980000000000075,4.203755201412814,0.42001022274173183
138.0,398.83333333333337,24754.0,177.665,173.322,4.342999999999989,4.348997477307532,0.43452182908587733
139.0,401.83333333333337,24934.0,175.829,171.266,4.563000000000017,4.56934698012929,0.4565376314642109
140.0,404.83333333333337,25114.0,177.752,172.98,4.77200000000002,4.778685478743179,0.47745329025463934
141.0,407.83333333333337,25294.0,177.46,173.183,4.277000000000015,4.2830348235508,0.42793129572473165
142.0,410.83333333333337,25474.0,175.852,171.392,4.460000000000008,4.466337698701142,0.44624565460919285
143.0,413.83333333333337,25654.0,176.315,171.16,5.155000000000001,5.1623769232430305,0.5157890927329374
144.0,416.83333333333337,25834.0,178.297,173.192,5.10499999999999,5.112356495405479,0.5107913966181337
145.0,419.83333333333337,26014.0,176.318,171.582,4.736000000000018,4.7428721811272725,0.47387507259255535
146.0,422.83333333333337,26194.0,176.729,171.508,5.221000000000004,5.228628227250869,0.5224084660360999
147.0,425.83333333333337,26374.0,178.591,173.475,5.116000000000014,5.123526050291725,0.5119073814961592
148.0,428.83333333333337,26554.0,177.324,171.746,5.578000000000003,5.586261552040504,0.5581407209386399
149.0,431.83333333333337,26734.0,179.213,173.817,5.395999999999987,5.404046032805844,0.5399350031568269
150.0,434.83333333333337,26914.0,177.157,172.016,5.1410000000000196,5.1487172865179165,0.5144243160538486
151.0,437.83333333333337,27094.0,177.554,171.752,5.8019999999999925,5.810767637900684,0.5805718204225768
152.0,440.83333333333337,27274.0,179.343,173.525,5.817999999999984,5.826850084360161,0.5821786675380812
153.0,443.83333333333337,27454.0,177.702,172.066,5.635999999999996,5.644629680021778,0.5639724616704012
154.0,446.83333333333337,27634.0,179.719,173.657,6.061999999999983,6.071342672011008,0.6066066804165244
155.0,449.83333333333337,27814.0,177.832,171.65,6.181999999999988,6.191589529965808,0.6186209170154146
156.0,452.83333333333337,27994.0,179.634,173.511,6.1229999999999905,6.132559334342145,0.6127230270516865
157.0,455.83333333333337,28174.0,177.814,171.701,6.1129999999999995,6.1226049479111735,0.6117284534236301
158.0,458.83333333333337,28354.0,177.889,171.866,6.022999999999996,6.032523861869593,0.6027281726745453
159.0,461.83333333333337,28534.0,179.736,173.345,6.390999999999991,6.401169772826872,0.6395607292234989
160.0,464.83333333333337,28714.0,177.679,171.613,6.0660000000000025,6.075713368622715,0.6070433702734416
161.0,467.83333333333337,28894.0,177.896,171.53,6.3659999999999854,6.376257515083919,0.6370716682714956
162.0,470.83333333333337,29074.0,178.264,171.668,6.596000000000004,6.606694179946944,0.6600953103009964
163.0,473.83333333333337,29254.0,179.59,173.453,6.1370000000000005,6.147011467129088,0.6141669844707334
164.0,476.83333333333337,29434.0,177.769,171.439,6.3300000000000125,6.340389717239467,0.6334880053225113
165.0,479.83333333333337,29614.0,179.793,173.375,6.418000000000006,6.428598441309566,0.642301212578727
166.0,482.83333333333337,29794.0,179.578,173.42,6.1580000000000155,6.168230769189117,0.6162870707644503
167.0,485.83333333333337,29974.0,177.928,171.263,6.664999999999992,6.676139849185067,0.6670338425436327
168.0,488.83333333333337,30154.0,177.758,171.524,6.234000000000009,6.2444819223494346,0.623905560017206
169.0,491.83333333333337,30334.0,179.723,173.04,6.683000000000021,6.694303819036704,0.6688486611183909
170.0,494.83333333333337,30514.0,179.724,172.984,6.739999999999981,6.751467744821263,0.6745600862730944
171.0,497.83333333333337,30694.0,177.817,170.724,7.093000000000018,7.1051394062342785,0.7098965190981064
172.0,500.83333333333337,30874.0,178.981,172.621,6.359999999999985,6.370948613108061,0.6365412394062171
173.0,503.83333333333337,31054.0,179.285,172.315,6.969999999999999,6.982068536273883,0.6976001266993026
174.0,506.83333333333337,31234.0,177.544,170.357,7.187000000000012,7.199516265993573,0.7193260039253495
175.0,509.83333333333337,31414.0,177.197,170.34,6.856999999999999,6.869010255908802,0.686304123187258
176.0,512.8333333333333,31594.0,179.268,172.143,7.125,7.137551041676834,0.713134866140074
177.0,515.8333333333333,31774.0,179.296,172.341,6.954999999999984,6.9673212510904285,0.696126679688721
178.0,518.8333333333333,31954.0,179.235,172.065,7.170000000000016,7.182773965456519,0.7176532287420054
179.0,521.8333333333333,32134.0,179.283,171.816,7.4669999999999845,7.480377899648159,0.7473877610113053
180.0,524.8333333333333,32314.0,179.183,171.927,7.256,7.269072561776007,0.7262755892092051
181.0,527.8333333333333,32494.0,179.591,172.198,7.393000000000001,7.406393447413388,0.7399957448796076
182.0,530.8333333333333,32674.0,177.307,170.073,7.2339999999999804,7.247177868222532,0.7240880224562299
183.0,533.8333333333333,32854.0,177.658,169.77,7.887999999999977,7.902448256122182,0.7895581196410746
184.0,536.8333333333333,33034.0,177.35,169.911,7.438999999999993,7.452700360466293,0.7446224122124953
185.0,539.8333333333333,33214.0,178.954,172.035,6.919000000000011,6.931811997443558,0.6925788400027654
186.0,542.8333333333333,33394.0,179.051,171.783,7.268000000000001,7.281531059984782,0.7275203564130461
187.0,545.8333333333333,33574.0,180.927,173.512,7.414999999999992,7.428879022841887,0.7422423484737051
188.0,548.8333333333333,33754.0,176.911,169.363,7.548000000000002,7.562203587188529,0.7555632192868671
189.0,551.8333333333333,33934.0,178.788,171.307,7.481000000000023,7.495152459861759,0.7488639331547593
190.0,554.8333333333333,34114.0,178.668,170.982,7.686000000000007,7.700617282020561,0.7693925609139365
191.0,557.8333333333333,34294.0,178.522,171.143,7.378999999999991,7.393107358238354,0.7386682904950381
192.0,560.8333333333333,34474.0,176.698,169.242,7.456000000000017,7.470329271698897,0.7463837714208077
193.0,563.8333333333333,34654.0,176.366,168.971,7.39500000000001,7.409286131682549,0.740284761938404
194.0,566.8333333333333,34834.0,176.852,169.261,7.591000000000008,7.605740833985758,0.7599131606723026
195.0,569.8333333333333,35014.0,176.763,169.095,7.668000000000006,7.682967188265838,0.7676290852941282
196.0,572.8333333333333,35194.0,178.505,170.699,7.805999999999983,7.821314763565511,0.7814518207136087
197.0,575.8333333333333,35374.0,176.409,168.931,7.47799999999998,7.492746180218458,0.74862351429102
198.0,578.8333333333333,35554.0,176.317,168.797,7.52000000000001,7.534904350437692,0.752835667857482
199.0,581.8333333333333,35734.0,178.449,170.527,7.9220000000000255,7.937780476366322,0.7930882713705839
200.0,584.8333333333333,35914.0,177.954,170.592,7.361999999999995,7.376738733820905,0.7370328504519933
201.0,587.8333333333333,36094.0,175.979,168.541,7.438000000000017,7.452965415203816,0.7446488946535537
202.0,590.8333333333333,36274.0,177.334,170.093,7.241000000000014,7.255641603040452,0.7249336604574406
203.0,593.8333333333333,36454.0,177.683,169.978,7.704999999999984,7.7206570365152905,0.7713947949513019
204.0,596.8333333333333,36634.0,177.656,170.037,7.619,7.6345586244011585,0.7627924355090555
205.0,599.8333333333333,36814.0,177.565,169.78,7.784999999999997,7.8009756194151025,0.7794196737270006
206.0,602.8333333333333,36994.0,175.898,167.74,8.157999999999987,8.174822801536466,0.8167719054129444
207.0,605.8333333333333,37174.0,177.463,169.965,7.4979999999999905,7.513536935180051,0.7507007831147261
208.0,608.8333333333333,37354.0,174.773,167.404,7.369,7.384343471678713,0.7377926634022044
209.0,611.8333333333333,37534.0,176.868,169.486,7.382000000000005,7.397444513895094,0.7391016291710962
210.0,614.8333333333333,37714.0,174.877,167.378,7.499000000000024,7.51476444687581,0.7508234276161425
211.0,617.8333333333333,37894.0,174.767,167.281,7.48599999999999,7.50181213593697,0.7495293220505724
212.0,620.8333333333333,38074.0,176.888,169.246,7.641999999999996,7.65821822524449,0.765156339624321
213.0,623.8333333333333,38254.0,175.162,167.275,7.8870000000000005,7.903817213974716,0.7896948964667979
214.0,626.8333333333333,38434.0,176.409,168.894,7.514999999999986,7.5310993201284875,0.7524554954756147
215.0,629.8333333333333,38614.0,176.128,168.816,7.311999999999983,7.327737711978062,0.7321370063524444
216.0,632.8333333333333,38794.0,174.19,166.54,7.650000000000006,7.66654185877601,0.7659879796713959
217.0,635.8333333333333,38974.0,175.836,168.356,7.480000000000018,7.496249224031763,0.7489735142652824
218.0,638.8333333333333,39154.0,175.852,168.296,7.556000000000012,7.5724900476213115,0.7565909714585789
219.0,641.8333333333333,39334.0,173.779,166.148,7.631,7.6477302028855165,0.7641084487752934
220.0,644.8333333333333,39514.0,175.782,167.822,7.960000000000008,7.977531277334127,0.7970598972071785
221.0,647.8333333333333,39694.0,175.605,168.137,7.467999999999989,7.484522530671574,0.7478018639540128
222.0,650.8333333333333,39874.0,175.28,167.455,7.824999999999989,7.842390796641862,0.7835575925587283
223.0,653.8333333333333,40054.0,173.088,165.704,7.383999999999986,7.400484693601959,0.7394053829566226
224.0,656.8333333333333,40234.0,173.015,165.328,7.686999999999983,7.704238179553226,0.769754336018897
225.0,659.8333333333333,40414.0,175.137,167.474,7.663000000000011,7.680261161524674,0.7673587177679889
226.0,662.8333333333333,40594.0,175.235,167.197,8.038000000000011,8.05618642291716,0.8049185768003694
227.0,665.8333333333333,40774.0,173.336,165.241,8.094999999999999,8.113396522153023,0.8106346152878283
228.0,668.8333333333333,40954.0,175.214,166.952,8.262,8.280858850920396,0.827366296043833
229.0,671.8333333333333,41134.0,173.202,165.294,7.907999999999987,7.9261300710083,0.7919242432302656
230.0,674.8333333333333,41314.0,175.198,167.024,8.174000000000007,8.192821836815051,0.8185702448628615
231.0,677.8333333333333,41494.0,175.046,167.346,7.699999999999989,7.7178075598129965,0.7711100948945466
232.0,680.8333333333333,41674.0,175.018,167.259,7.7590000000000146,7.777021777178174,0.7770263710413277
233.0,683.8333333333333,41854.0,172.693,165.191,7.5020000000000095,7.519500039629015,0.7512965753785096
234.0,686.8333333333333,42034.0,172.958,164.909,8.049000000000007,8.067856713750777,0.8060845917602416
235.0,689.8333333333333,42214.0,172.709,164.906,7.802999999999997,7.821358612921394,0.7814562018387811
236.0,692.8333333333333,42394.0,172.629,164.751,7.877999999999986,7.8966140359229815,0.7889752046024998
237.0,695.8333333333333,42574.0,174.724,166.549,8.174999999999983,8.194397727227157,0.8187276969625419
238.0,698.8333333333333,42754.0,174.672,166.618,8.054000000000002,8.073191348645935,0.8066175916813142
239.0,701.8333333333333,42934.0,174.926,166.45,8.475999999999999,8.496281867176938,0.8488898778668653
240.0,704.8333333333333,43114.0,172.788,164.648,8.140000000000015,8.159559461965832,0.8152468978076751
241.0,707.8333333333333,43294.0,174.749,166.412,8.336999999999989,8.357116400526118,0.8349854243852917
242.0,710.8333333333333,43474.0,172.952,164.635,8.317000000000007,8.337151513496728,0.8329906705886363
243.0,713.8333333333333,43654.0,172.782,164.513,8.269000000000005,8.28911810359626,0.828191503599902
244.0,716.8333333333333,43834.0,174.861,166.415,8.445999999999998,8.466633402514148,0.8459276077892015
245.0,719.8333333333333,44014.0,174.437,166.251,8.186000000000007,8.20608028830886,0.8198949378809642
246.0,722.8333333333333,44194.0,174.469,166.322,8.146999999999991,8.167066291419006,0.8159969284254552
247.0,725.8333333333333,44374.0,172.516,163.868,8.647999999999996,8.669386962024788,0.8661853448865288
248.0,728.8333333333333,44554.0,172.756,164.314,8.442000000000007,8.46296214231268,0.8455608007937696
249.0,731.8333333333333,44734.0,174.53,166.293,8.236999999999995,8.257535686319187,0.825036006317185
250.0,734.8333333333333,44914.0,172.288,164.154,8.134000000000015,8.154360439945552,0.8147274473896197
251.0,737.8333333333333,45094.0,173.843,165.993,7.849999999999994,7.869728248594487,0.7862889621874722
252.0,740.8333333333333,45274.0,173.945,165.933,8.012,8.03221570108522,0.8025235876219964
253.0,743.8333333333333,45454.0,172.112,163.834,8.277999999999992,8.298969855681936,0.8291758227121353
254.0,746.8333333333333,45634.0,173.523,165.574,7.948999999999984,7.969216123608105,0.7962291044037764
255.0,749.8333333333333,45814.0,173.951,165.605,8.346000000000004,8.367309458011908,0.8360038443788219
256.0,752.8333333333333,45994.0,172.085,163.613,8.472000000000008,8.493716104754206,0.8486335245838977
257.0,755.8333333333333,46174.0,171.378,163.51,7.867999999999995,7.888246765950253,0.7881392047032182
258.0,758.8333333333333,46354.0,171.579,163.316,8.263000000000005,8.284346064582657,0.8277147143785977
259.0,761.8333333333333,46534.0,171.341,163.52,7.820999999999998,7.841282644686701,0.7834468736592637
260.0,764.8333333333333,46714.0,173.301,165.472,7.828999999999979,7.849381884968644,0.7842560938806779
261.0,767.8333333333333,46894.0,173.243,165.397,7.846000000000004,7.866504807133248,0.7859668981515658
262.0,770.8333333333333,47074.0,173.032,164.878,8.154000000000025,8.175391490616088,0.8168287249030332
263.0,773.8333333333333,47254.0,171.015,163.365,7.649999999999977,7.670145980351831,0.766348078638467
264.0,776.8333333333333,47434.0,173.118,164.936,8.181999999999988,8.203629017741275,0.8196500238344123
265.0,779.8333333333333,47614.0,172.918,165.032,7.885999999999996,7.906925614192959,0.7900054663752445
266.0,782.8333333333333,47794.0,170.915,162.787,8.127999999999986,8.149649260751662,0.8142567388616975
267.0,785.8333333333333,47974.0,172.704,164.557,8.14700000000002,8.168781555436652,0.8161683057744193
268.0,788.8333333333333,48154.0,170.46,162.449,8.010999999999996,8.032498274820822,0.8025518204404991
269.0,791.8333333333333,48334.0,170.466,162.34,8.126000000000005,8.14788836665429,0.8140808024699177
270.0,794.8333333333333,48514.0,170.504,162.357,8.146999999999991,8.169026622559274,0.816192791190869
271.0,797.8333333333333,48694.0,172.155,164.49,7.664999999999992,7.685800321705935,0.7679121524448587
272.0,800.8333333333333,48874.0,170.626,162.348,8.277999999999992,8.300546809760407,0.829333381086022
273.0,803.8333333333333,49054.0,170.177,162.032,8.144999999999982,8.167266229574354,0.8160169048667888
274.0,806.8333333333333,49234.0,171.764,163.892,7.872000000000014,7.893598856921033,0.7886739487149569
275.0,809.8333333333333,49414.0,170.2,161.893,8.306999999999988,8.329875689656818,0.8322637204582854
276.0,812.8333333333333,49594.0,173.662,165.456,8.206000000000017,8.228679843787281,0.8221529295754297
277.0,815.8333333333333,49774.0,171.929,163.831,8.098000000000013,8.120462556277714,0.811340604676938
278.0,818.8333333333333,49954.0,170.149,161.639,8.509999999999991,8.533690714836005,0.8526275118833551
279.0,821.8333333333333,50134.0,170.152,161.54,8.611999999999995,8.6360610295284,0.8628556475896502
280.0,824.8333333333333,50314.0,171.49,163.174,8.316000000000003,8.339317429166785,0.83320707394217
281.0,827.8333333333333,50494.0,169.893,161.389,8.50399999999999,8.527929845687146,0.8520519255757638
282.0,830.8333333333333,50674.0,170.993,162.935,8.057999999999993,8.080755630358643,0.8073733625325683
283.0,833.8333333333333,50854.0,171.331,163.284,8.046999999999997,8.069805264228458,0.8062792774831115
284.0,836.8333333333333,51034.0,171.604,163.224,8.380000000000024,8.403833026879223,0.8396530274449834
285.0,839.8333333333333,51214.0,169.761,161.329,8.431999999999988,8.456065477015418,0.8448717335696113
286.0,842.8333333333333,51394.0,169.987,161.645,8.341999999999985,8.365892269659833,0.8358622486942725
287.0,845.8333333333333,51574.0,171.428,163.519,7.908999999999992,7.931731434004745,0.7924838927833612
288.0,848.8333333333333,51754.0,171.467,163.305,8.162000000000006,8.185540441965285,0.8178427381156339
289.0,851.8333333333333,51934.0,171.478,163.229,8.248999999999995,8.27287409144557,0.8265685139549916
290.0,854.8333333333333,52114.0,171.234,162.928,8.306000000000012,8.33012236051701,0.8322883661091307
291.0,857.8333333333333,52294.0,169.424,160.989,8.435000000000002,8.459581598879755,0.8452230402125221
292.0,860.8333333333333,52474.0,171.115,162.677,8.438000000000017,8.462674967920796,0.8455321083094259
293.0,863.8333333333333,52654.0,170.916,162.801,8.115000000000009,8.13881181727715,0.8131739362650688
294.0,866.8333333333333,52834.0,170.747,162.461,8.286000000000001,8.310396685554837,0.8303175127321765
295.0,869.8333333333333,53014.0,170.536,162.327,8.209000000000003,8.23325230456126,0.8226097783156967
296.0,872.8333333333333,53194.0,170.556,162.219,8.337000000000018,8.36171407879206,0.8354447926834085
297.0,875.8333333333333,53374.0,170.577,162.439,8.138000000000005,8.162205787801824,0.8155113004311791
298.0,878.8333333333333,53554.0,170.594,162.338,8.256,8.280639574732247,0.8273443874796532
299.0,881.8333333333333,53734.0,168.505,160.257,8.24799999999999,8.27269842574595,0.826550962650006
300.0,884.8333333333333,53914.0,170.15,162.0,8.150000000000006,8.174486711702528,0.8167383256350433
301.0,887.8333333333333,54094.0,170.204,161.729,8.474999999999994,8.500548180722896,0.8493161384878742
302.0,890.8333333333333,54274.0,170.222,161.956,8.26600000000002,8.291001052587797,0.828379634874787
303.0,893.8333333333333,54454.0,170.005,161.977,8.027999999999992,8.052361729381458,0.804536439804545
304.0,896.8333333333333,54634.0,169.669,161.506,8.163000000000011,8.187853277841995,0.8180738207227789
305.0,899.8333333333333,54814.0,168.166,159.559,8.607,8.633291424040333,0.8625789277136786
306.0,902.8333333333333,54994.0,167.813,159.499,8.313999999999993,8.33947980421856,0.8332232973373003
307.0,905.8333333333333,55174.0,167.383,159.43,7.953000000000003,7.977453226496911,0.7970520989059089
308.0,908.8333333333333,55354.0,169.967,161.271,8.696000000000026,8.722824969246638,0.8715245019593717
309.0,911.8333333333333,55534.0,169.458,161.078,8.379999999999995,8.405934247777582,0.8398629669431855
310.0,914.8333333333333,55714.0,169.631,161.104,8.526999999999987,8.553474714605795,0.854604192672769
311.0,917.8333333333333,55894.0,169.552,161.15,8.401999999999987,8.428170894647208,0.8420846993127588
312.0,920.8333333333333,56074.0,169.3,161.289,8.011000000000024,8.036033351721658,0.8029050209399073
313.0,923.8333333333333,56254.0,167.811,159.086,8.724999999999994,8.752352033602158,0.8744746425557374
314.0,926.8333333333333,56434.0,167.625,159.276,8.34899999999999,8.375257062013677,0.8367979141490893
315.0,929.8333333333333,56614.0,167.68,158.946,8.734000000000009,8.761555477091497,0.8753941871449772
316.0,932.8333333333333,56794.0,167.648,158.989,8.658999999999992,8.686405718229587,0.867885741613237
317.0,935.8333333333333,56974.0,167.501,158.978,8.522999999999996,8.550060778673275,0.8542630957432995
318.0,938.8333333333333,57154.0,169.232,160.706,8.52600000000001,8.553155834893273,0.8545723324114867
319.0,941.8333333333333,57334.0,169.125,160.419,8.705999999999989,8.73381648370289,0.8726226982657331
320.0,944.8333333333333,57514.0,169.409,160.888,8.520999999999987,8.54831087409326,0.8540882573482897
321.0,947.8333333333333,57694.0,166.794,158.797,7.997000000000014,8.022711615064274,0.8015740049047934
322.0,950.8333333333333,57874.0,169.279,160.613,8.665999999999997,8.693949494536911,0.8686394637058288
323.0,953.8333333333333,58054.0,169.111,160.672,8.438999999999993,8.466302039056453,0.8458945002382128
324.0,956.8333333333333,58234.0,167.238,158.562,8.675999999999988,8.704155827810327,0.869659210124484
325.0,959.8333333333333,58414.0,169.045,160.137,8.907999999999987,8.936998096382245,0.8929232034830207
326.0,962.8333333333333,58594.0,166.648,158.588,8.060000000000002,8.086318475807053,0.8079291636779535
327.0,965.8333333333333,58774.0,168.68,160.137,8.543000000000006,8.57098133454853,0.8563533333789481
328.0,968.8333333333333,58954.0,166.706,158.24,8.46599999999998,8.49381407013877,0.8486433126093702
329.0,971.8333333333333,59134.0,168.43,160.015,8.41500000000002,8.44273094238671,0.8435394388494815
330.0,974.8333333333333,59314.0,166.855,158.335,8.519999999999982,8.54816244247265,0.8540734270846213
331.0,977.8333333333333,59494.0,169.102,160.205,8.896999999999991,8.926497862029862,0.8918740924958484
332.0,980.8333333333333,59674.0,168.684,160.294,8.389999999999986,8.417901090181612,0.8410586112903975
333.0,983.8333333333333,59854.0,166.723,158.388,8.335000000000008,8.36280181432991,0.8355534717152852
334.0,986.8333333333333,60034.0,166.507,158.029,8.478000000000009,8.506363861280361,0.849897201173331
335.0,989.8333333333333,60214.0,166.555,157.918,8.637,8.665982468530148,0.8658451913803193
336.0,992.8333333333333,60394.0,166.247,157.814,8.433000000000021,8.461382535958146,0.8454029774227537
337.0,995.8333333333333,60574.0,166.064,157.821,8.242999999999995,8.270825770088058,0.8263638598140165
338.0,998.8333333333333,60754.0,166.39,158.082,8.307999999999993,8.336128550470976,0.8328884631793756
339.0,1001.8333333333333,60934.0,168.199,159.747,8.451999999999998,8.480700900540285,0.8473331351561116
340.0,1004.8333333333333,61114.0,168.11,159.428,8.682000000000016,8.71156903888128,0.8703998870392805
341.0,1007.8333333333333,61294.0,168.109,159.669,8.439999999999998,8.468829526406475,0.8461470293399318
342.0,1010.8333333333333,61474.0,165.887,157.814,8.073000000000008,8.100656926386929,0.8093617627550361
343.0,1013.8333333333333,61654.0,168.076,159.28,8.795999999999992,8.826222081239344,0.881855228169193
344.0,1016.8333333333333,61834.0,165.687,157.471,8.216000000000008,8.244311708219032,0.8237147576427828
345.0,1019.8333333333333,62014.0,167.455,159.324,8.131,8.159100395309837,0.8152010310339931
346.0,1022.8333333333333,62194.0,167.569,159.106,8.462999999999994,8.492332696301325,0.8484953039538663
347.0,1025.8333333333335,62374.0,167.383,159.262,8.12100000000001,8.149228818675384,0.8142147311895932
348.0,1028.8333333333335,62554.0,167.388,159.109,8.278999999999996,8.307861109203385,0.8300641754332315
349.0,1031.8333333333335,62734.0,165.133,157.0,8.13300000000001,8.161433758047306,0.8154341645434734
350.0,1034.8333333333335,62914.0,167.283,158.696,8.586999999999989,8.617107156789988,0.8609619073670978
351.0,1037.8333333333335,63094.0,165.017,156.335,8.681999999999988,8.712527364182453,0.8704956362929643
352.0,1040.8333333333335,63274.0,167.056,158.565,8.491000000000014,8.52094098521894,0.851353646846076
353.0,1043.8333333333335,63454.0,164.788,156.463,8.325000000000017,8.354439179582096,0.8347179349357038
354.0,1046.8333333333335,63634.0,164.645,156.377,8.268,8.297320586819188,0.8290110391438222
355.0,1049.8333333333335,63814.0,166.643,158.163,8.47999999999999,8.510157497887091,0.8502762351750394
356.0,1052.8333333333335,63994.0,164.861,156.156,8.704999999999984,8.736045027361005,0.8728453589758335
357.0,1055.8333333333335,64174.0,164.755,156.162,8.59299999999999,8.623731833683609,0.8616237993861066
358.0,1058.8333333333335,64354.0,166.515,158.155,8.359999999999985,8.389982436539155,0.8382691719978629
359.0,1061.8333333333335,64534.0,164.413,155.954,8.459000000000003,8.489422385508101,0.8482045257743712
360.0,1064.8333333333335,64714.0,165.718,157.826,7.891999999999996,7.9204624015834595,0.7913579687962181
361.0,1067.8333333333335,64894.0,165.856,157.612,8.244,8.273814623015621,0.8266624853818008
362.0,1070.8333333333335,65074.0,165.411,157.36,8.050999999999988,8.080197435473629,0.8073175915500169
363.0,1073.8333333333335,65254.0,163.285,155.427,7.858000000000004,7.886576374741164,0.7879723107357579
364.0,1076.8333333333335,65434.0,165.703,157.142,8.561000000000007,8.592218823789567,0.8584752368103384
365.0,1079.8333333333335,65614.0,163.948,155.327,8.62100000000001,8.652524146569135,0.8645005286838152
366.0,1082.8333333333335,65794.0,163.141,155.166,7.974999999999994,8.004241980180911,0.7997286463885046
367.0,1085.8333333333335,65974.0,163.154,155.409,7.7450000000000045,7.773476372180846,0.7766721386297598
368.0,1088.8333333333335,66154.0,163.343,155.318,8.024999999999977,8.054586405597039,0.8047587141064645
369.0,1091.8333333333335,66334.0,165.628,157.163,8.464999999999975,8.496293551093741,0.848891045243238
370.0,1094.8333333333335,66514.0,163.107,155.279,7.828000000000003,7.857017248806458,0.7850189667675568
371.0,1097.8333333333335,66694.0,165.174,156.944,8.230000000000018,8.260590009380431,0.8253411732091218
372.0,1100.8333333333335,66874.0,163.568,155.588,7.980000000000018,8.009740883746607,0.8002780589020324
373.0,1103.8333333333335,67054.0,165.583,157.039,8.544000000000011,8.575928629876419,0.8568476330022794
374.0,1106.8333333333335,67234.0,165.434,157.394,8.039999999999992,8.07012590031784,0.8063113132294545
375.0,1109.8333333333335,67414.0,165.25,157.094,8.156000000000006,8.186642418625853,0.8179528400222591
376.0,1112.8333333333335,67594.0,165.221,157.038,8.182999999999993,8.213825996556393,0.8206688356201203
377.0,1115.8333333333335,67774.0,163.291,155.08,8.210999999999984,8.242013894457932,0.8234851759418088
378.0,1118.8333333333335,67954.0,165.204,157.239,7.965000000000003,7.995164675319287,0.7988217047008573
379.0,1121.8333333333335,68134.0,164.956,157.126,7.829999999999984,7.85973200656297,0.7852902066365243
380.0,1124.8333333333335,68314.0,163.194,155.32,7.873999999999995,7.9039781223588115,0.7897109733226105
381.0,1127.8333333333335,68494.0,162.804,155.293,7.510999999999996,7.539671494513863,0.7533119680104028
382.0,1130.8333333333335,68674.0,164.956,156.986,7.969999999999999,8.000503624830008,0.7993551357085553
383.0,1133.8333333333335,68854.0,164.706,156.936,7.769999999999982,7.7998161615017425,0.7793038286900948
384.0,1136.8333333333335,69034.0,163.085,154.803,8.28200000000001,8.313864019763459,0.8306639448490595
385.0,1139.8333333333335,69214.0,165.069,156.65,8.418999999999983,8.45147562546485,0.844413147262907
386.0,1142.8333333333335,69394.0,162.928,155.026,7.901999999999987,7.93256066413664,0.7925667437382132
387.0,1145.8333333333335,69574.0,164.649,156.63,8.019000000000005,8.050093657419906,0.8043098296990265
388.0,1148.8333333333335,69754.0,162.639,154.81,7.829000000000008,7.859435526739509,0.7852605844176452
389.0,1151.8333333333335,69934.0,164.528,156.566,7.961999999999989,7.993032499078466,0.7986086723583625
390.0,1154.8333333333335,70114.0,164.301,156.616,7.684999999999974,7.7150300204768625,0.7708325823232028
391.0,1157.8333333333335,70294.0,162.022,154.524,7.4979999999999905,7.527374569860631,0.7520833441217171
392.0,1160.8333333333335,70474.0,164.246,156.237,8.009000000000015,8.04045689523308,0.8033469908945126
393.0,1163.8333333333335,70654.0,164.076,156.329,7.746999999999986,7.777505614269021,0.7770747127059967
394.0,1166.8333333333335,70834.0,162.494,154.35,8.144000000000005,8.176150655199601,0.8169045753915944
395.0,1169.8333333333335,71014.0,164.263,156.42,7.843000000000018,7.8740411158439025,0.786719874133409
396.0,1172.8333333333335,71194.0,161.953,154.016,7.937000000000012,7.968492834657809,0.7961568383610205
397.0,1175.8333333333335,71374.0,163.846,155.933,7.913000000000011,7.944477050603249,0.7937573468761968
398.0,1178.8333333333335,71554.0,163.946,156.413,7.532999999999987,7.5630410820981435,0.7556468960012994
399.0,1181.8333333333335,71734.0,164.12,156.316,7.804000000000002,7.835200162932587,0.7828391540385995
400.0,1184.8333333333335,71914.0,161.946,154.315,7.631,7.661585129478796,0.7654927374709238
401.0,1187.8333333333335,72094.0,161.726,154.36,7.3659999999999854,7.3955969622491295,0.7389170345548143
402.0,1190.8333333333335,72274.0,161.801,154.009,7.792000000000002,7.82338688537089,0.7816588528311622
403.0,1193.8333333333335,72454.0,163.33,156.096,7.234000000000009,7.263211842326757,0.7256900265483539
404.0,1196.8333333333335,72634.0,163.528,155.762,7.765999999999991,7.797438102206449,0.779066229408868
405.0,1199.8333333333335,72814.0,161.022,153.507,7.514999999999986,7.54549746568178,0.7538940588626726
406.0,1202.8333333333335,72994.0,163.336,155.505,7.831000000000017,7.862858488970757,0.7856025831926214
407.0,1205.8333333333335,73174.0,161.167,153.303,7.864000000000004,7.896071701640812,0.7889210183019802
408.0,1208.8333333333335,73354.0,162.949,155.134,7.815000000000026,7.84695033436063,0.7840131501164604
409.0,1211.8333333333335,73534.0,162.759,155.23,7.528999999999996,7.5598566688734,0.7553287313975716
410.0,1214.8333333333335,73714.0,160.633,152.845,7.788000000000011,7.81999634769124,0.7813200936937211
411.0,1217.8333333333335,73894.0,162.495,155.005,7.490000000000009,7.520847247671086,0.751431179113199
412.0,1220.8333333333335,74074.0,162.15,154.477,7.673000000000002,7.704677971812401,0.7697982770278012
413.0,1223.8333333333335,74254.0,160.568,152.89,7.678000000000026,7.709775711678393,0.770307608031632
414.0,1226.8333333333335,74434.0,160.155,152.529,7.626000000000005,7.657637083575773,0.7650982759574261
415.0,1229.8333333333335,74614.0,162.106,154.591,7.514999999999986,7.546252053157093,0.7539694520381547
416.0,1232.8333333333335,74794.0,162.018,154.415,7.603000000000009,7.634694358558332,0.7628059971297629
417.0,1235.8333333333335,74974.0,160.231,152.535,7.695999999999998,7.728159325592597,0.7721443719260443
418.0,1238.8333333333335,75154.0,160.186,152.693,7.492999999999995,7.52438629165007,0.7517847759756914
419.0,1241.8333333333335,75334.0,164.51,156.561,7.948999999999984,7.982376184276421,0.7975439668892836
420.0,1244.8333333333335,75514.0,162.386,154.372,8.013999999999982,8.047729582540846,0.8040736276442071
421.0,1247.8333333333335,75694.0,162.56,154.535,8.025000000000006,8.058856467858577,0.8051853492732761
422.0,1250.8333333333335,75874.0,162.297,154.715,7.581999999999994,7.614063646711047,0.7607447187100808
423.0,1253.8333333333335,76054.0,160.286,152.594,7.692000000000007,7.724606073226796,0.7717893554595487
424.0,1256.8333333333335,76234.0,160.668,152.931,7.736999999999995,7.769874524742041,0.7763122668787725
425.0,1259.8333333333335,76414.0,160.311,152.571,7.740000000000009,7.772965001007972,0.7766210459495413
426.0,1262.8333333333335,76594.0,160.514,152.737,7.777000000000015,7.810200687254484,0.7803413788721345
427.0,1265.8333333333335,76774.0,160.299,152.588,7.711000000000013,7.743996367108851,0.7737266998723948
428.0,1268.8333333333335,76954.0,162.476,154.24,8.23599999999999,8.271325622907288,0.826413801659791
429.0,1271.8333333333335,77134.0,160.013,152.715,7.298000000000002,7.329375672697869,0.732300660089117
430.0,1274.8333333333335,77314.0,161.975,154.329,7.645999999999987,7.678948588697417,0.7672275745450544
431.0,1277.8333333333335,77494.0,159.776,152.378,7.398000000000025,7.4299541918180525,0.7423497719414209
432.0,1280.8333333333335,77674.0,160.118,152.33,7.7879999999999825,7.821716936145494,0.7814920030236638
433.0,1283.8333333333335,77854.0,162.235,154.398,7.8370000000000175,7.871007783717738,0.7864168045109126
434.0,1286.8333333333335,78034.0,160.18,152.472,7.707999999999998,7.74152541753345,0.7734798196351252
435.0,1289.8333333333335,78214.0,160.314,152.25,8.063999999999993,8.09915480626891,0.8092116812742824
436.0,1292.8333333333335,78394.0,159.864,152.53,7.334000000000003,7.366046049622982,0.73596451120375
437.0,1295.8333333333335,78574.0,161.675,154.132,7.543000000000006,7.576035038987976,0.756945162543024
438.0,1298.8333333333335,78754.0,161.774,154.159,7.615000000000009,7.648426851365008,0.7641780530859691
439.0,1301.8333333333335,78934.0,161.828,154.269,7.5589999999999975,7.592256955606623,0.7585659445547848
440.0,1304.8333333333335,79114.0,159.542,152.001,7.540999999999997,7.574253504059959,0.7567671638618241
441.0,1307.8333333333335,79294.0,159.477,152.192,7.284999999999997,7.317197793953522,0.7310839304464832
442.0,1310.8333333333335,79474.0,161.481,153.818,7.6629999999999825,7.69694542412303,0.7690256942008368
443.0,1313.8333333333335,79654.0,159.531,151.903,7.628000000000014,7.6618670000187,0.7655209000309628
444.0,1316.8333333333335,79834.0,161.486,153.926,7.560000000000002,7.593641027816292,0.7587042315028161
445.0,1319.8333333333335,80014.0,159.439,151.849,7.590000000000003,7.62385076208485,0.7617225797679199
446.0,1322.8333333333335,80194.0,161.606,153.977,7.628999999999991,7.663101329437154,0.7656442257122031
447.0,1325.8333333333335,80374.0,158.793,151.592,7.200999999999993,7.233260518542771,0.722697496876385
448.0,1328.8333333333335,80554.0,160.878,153.531,7.34699999999998,7.379988398839201,0.737357534564834
449.0,1331.8333333333335,80734.0,158.501,151.256,7.2450000000000045,7.277603189386566,0.727127910676838
450.0,1334.8333333333335,80914.0,158.242,150.76,7.481999999999999,7.515744869010827,0.7509213846330427
451.0,1337.8333333333335,81094.0,157.618,150.207,7.411000000000001,7.444499093675015,0.7438029982060347
452.0,1340.8333333333335,81274.0,157.554,150.397,7.157000000000011,7.189422860463677,0.7183175404678652
453.0,1343.8333333333335,81454.0,157.28,149.656,7.623999999999995,7.658615063925451,0.7651959890079785
454.0,1346.8333333333335,81634.0,156.618,149.267,7.350999999999999,7.384449412713051,0.7378032482995872
455.0,1349.8333333333335,81814.0,156.019,148.798,7.221000000000004,7.253930409870661,0.724762689839514
456.0,1352.8333333333335,81994.0,155.407,148.187,7.219999999999999,7.252998379124832,0.7246695677564234
457.0,1355.8333333333335,82174.0,157.063,149.625,7.437999999999988,7.472069449397128,0.7465576379728844
458.0,1358.8333333333335,82354.0,156.473,149.358,7.115000000000009,7.147661437598849,0.7141450271603413
459.0,1361.8333333333335,82534.0,156.374,149.014,7.359999999999985,7.393860049366059,0.7387434942005481
460.0,1364.8333333333335,82714.0,156.529,149.162,7.36699999999999,7.400966262509941,0.7394534980001055
461.0,1367.8333333333335,82894.0,156.668,149.024,7.6440000000000055,7.679320190486748,0.7672647024325812
462.0,1370.8333333333335,83074.0,156.502,149.143,7.359000000000009,7.393077237806179,0.7386652810692222
463.0,1373.8333333333335,83254.0,156.882,149.259,7.623000000000019,7.658376322991208,0.7651721356606342
464.0,1376.8333333333335,83434.0,155.217,147.604,7.6129999999999995,7.648406399322649,0.7641760096589723
465.0,1379.8333333333335,83614.0,155.643,147.894,7.748999999999995,7.785116756380723,0.777835165525081
466.0,1382.8333333333335,83794.0,157.834,150.237,7.597000000000008,7.63248463498537,0.7625852167927524
467.0,1385.8333333333335,83974.0,158.424,150.629,7.795000000000016,7.831487782659349,0.7824682386092375
468.0,1388.8333333333335,84154.0,156.526,148.573,7.953000000000003,7.990307270920752,0.7983363863591305
469.0,1391.8333333333335,84334.0,156.469,148.496,7.972999999999985,8.010481194698235,0.8003520256657456
470.0,1394.8333333333335,84514.0,158.476,150.817,7.658999999999992,7.69508202634092,0.7688395163479358
471.0,1397.8333333333335,84694.0,156.957,149.202,7.7549999999999955,7.791612204056507,0.7784841458520507
472.0,1400.8333333333335,84874.0,158.625,151.297,7.328000000000003,7.362669916637436,0.7356271912839819
473.0,1403.8333333333335,85054.0,156.839,149.495,7.343999999999994,7.378819402970458,0.7372407365612181
474.0,1406.8333333333335,85234.0,159.401,151.315,8.086000000000013,8.124418620198728,0.8117358672954862
475.0,1409.8333333333335,85414.0,159.678,151.435,8.242999999999995,8.282247388755048,0.8275050291663092
476.0,1412.8333333333335,85594.0,157.017,149.455,7.561999999999983,7.5980809244746625,0.7591478353510624
477.0,1415.8333333333335,85774.0,159.036,151.167,7.869,7.906624793793794,0.7899754104759819
478.0,1418.8333333333335,85954.0,158.575,150.944,7.631,7.667563497140074,0.7660900547295981
479.0,1421.8333333333335,86134.0,156.392,149.025,7.36699999999999,7.4023725796957205,0.7395940075127065
480.0,1424.8333333333335,86314.0,158.212,150.733,7.478999999999985,7.514985496098495,0.750845513329703
481.0,1427.8333333333335,86494.0,157.963,150.522,7.4410000000000025,7.476877426037673,0.7470380178339795
482.0,1430.8333333333335,86674.0,156.036,148.455,7.580999999999989,7.617628624069788,0.7611009066569933
483.0,1433.8333333333335,86854.0,157.869,149.999,7.8700000000000045,7.908104047196889,0.790123207272312
484.0,1436.8333333333335,87034.0,157.389,149.726,7.663000000000011,7.700178820166829,0.7693487528299672
485.0,1439.8333333333335,87214.0,157.064,149.201,7.8629999999999995,7.9012281783974485,0.7894362178907645
486.0,1442.8333333333335,87394.0,154.629,147.003,7.626000000000005,7.663152567611932,0.7656493450771924
487.0,1445.8333333333335,87574.0,156.388,148.724,7.664000000000016,7.701414710874277,0.7694722345044342
488.0,1448.8333333333335,87754.0,153.931,146.319,7.612000000000023,7.6492373452236455,0.7642590320416377
489.0,1451.8333333333335,87934.0,155.74,148.645,7.094999999999999,7.1297795166138735,0.7123583889628018
490.0,1454.8333333333335,88114.0,154.128,146.484,7.643999999999977,7.6815475162885924,0.7674872414628835
491.0,1457.8333333333335,88294.0,153.937,146.438,7.499000000000024,7.535910631446488,0.752936208514679
492.0,1460.8333333333335,88474.0,153.859,146.385,7.474000000000018,7.510862687852752,0.7504335907684097
493.0,1463.8333333333335,88654.0,155.994,148.342,7.651999999999987,7.689817503550382,0.7683135215447323
494.0,1466.8333333333335,88834.0,154.042,146.441,7.600999999999999,7.638641838792149,0.7632004021254954
495.0,1469.8333333333335,89014.0,154.227,146.48,7.747000000000014,7.785442717229968,0.7778677332846999
496.0,1472.8333333333335,89194.0,156.401,148.547,7.854000000000013,7.893052610410806,0.788619371531596
497.0,1475.8333333333335,89374.0,154.48,146.852,7.627999999999986,7.666005525499995,0.765934392950017
498.0,1478.8333333333335,89554.0,154.563,146.782,7.7809999999999775,7.8198460263224705,0.7813050746194519
499.0,1481.8333333333335,89734.0,156.714,148.997,7.7169999999999845,7.755604067043531,0.7748864611813896
500.0,1484.8333333333335,89914.0,157.009,149.205,7.803999999999974,7.843117712786739,0.7836302210057468
501.0,1487.8333333333335,90094.0,155.127,147.375,7.7520000000000095,7.7909349706622475,0.7784164813627685
502.0,1490.8333333333335,90274.0,157.548,149.443,8.10499999999999,8.145789395724202,0.8138710877730252
503.0,1493.8333333333335,90454.0,157.697,149.817,7.8799999999999955,7.9197362528958175,0.7912854170282327
504.0,1496.8333333333335,90634.0,155.591,147.729,7.861999999999995,7.9017245016553765,0.7894858070871202
505.0,1499.8333333333335,90814.0,155.695,147.493,8.201999999999998,8.243524862027673,0.82363614139891
506.0,1502.8333333333335,90994.0,157.541,149.248,8.293000000000006,8.335068924619673,0.8327825926734814
507.0,1505.8333333333335,91174.0,155.404,147.34,8.063999999999993,8.104988297534273,0.8097945234828163
508.0,1508.8333333333335,91354.0,157.479,149.577,7.902000000000015,7.942244293960015,0.7935342652336841
509.0,1511.8333333333335,91534.0,157.043,149.032,8.010999999999996,8.05187994119023,0.8044883028517928
510.0,1514.8333333333335,91714.0,154.8,146.986,7.814000000000021,7.853953194046329,0.7847128275513955
511.0,1517.8333333333335,91894.0,154.401,146.437,7.963999999999999,8.004800195718532,0.799784419434522
512.0,1520.8333333333335,92074.0,154.741,146.976,7.765000000000015,7.804858751330688,0.7798076494826421
513.0,1523.8333333333335,92254.0,154.619,146.505,8.114000000000004,8.155731770470398,0.8148644612763938
514.0,1526.8333333333335,92434.0,156.417,148.209,8.207999999999998,8.250297732047304,0.8243128398528518
515.0,1529.8333333333335,92614.0,154.094,146.413,7.680999999999983,7.720659184745681,0.7713950095876644
516.0,1532.8333333333335,92794.0,155.94,148.09,7.849999999999994,7.890610685461536,0.7883753912347612
517.0,1535.8333333333335,92974.0,155.741,148.198,7.543000000000006,7.582098291996996,0.757550960960116
518.0,1538.8333333333335,93154.0,155.677,147.786,7.890999999999991,7.931981430268584,0.7925088706856006
519.0,1541.8333333333335,93334.0,153.412,145.82,7.592000000000013,7.631504906556891,0.7624873290862244
520.0,1544.8333333333335,93514.0,155.439,147.915,7.524000000000001,7.5632267010318905,0.755665441764783
521.0,1547.8333333333335,93694.0,155.313,147.788,7.524999999999977,7.5643075572726906,0.755773433464751
522.0,1550.8333333333335,93874.0,155.33,147.829,7.501000000000005,7.540257593176018,0.7533705269458892
523.0,1553.8333333333335,94054.0,155.386,147.964,7.421999999999997,7.460918743803375,0.7454435363861447
524.0,1556.8333333333335,94234.0,155.608,148.06,7.548000000000002,7.587655326218061,0.7581061814877501
525.0,1559.8333333333335,94414.0,154.024,146.562,7.461999999999989,7.5012785158863915,0.7494760064159638
526.0,1562.8333333333335,94594.0,156.193,148.569,7.624000000000024,7.6642078940567755,0.7657547860160498
527.0,1565.8333333333335,94774.0,156.28,148.815,7.465000000000003,7.504444394689616,0.7497923191881416
528.0,1568.8333333333335,94954.0,154.102,146.681,7.420999999999992,7.460286505103099,0.7453803674563174
529.0,1571.8333333333335,95134.0,156.421,148.685,7.73599999999999,7.7770318736190855,0.7770273798080596
530.0,1574.8333333333335,95314.0,154.541,146.78,7.760999999999996,7.802242496072824,0.7795462513038817
531.0,1577.8333333333335,95494.0,154.459,147.038,7.420999999999992,7.460510317055413,0.7454027292027655
532.0,1580.8333333333335,95674.0,154.505,146.78,7.724999999999994,7.766206512135388,0.775945784360613
533.0,1583.8333333333335,95854.0,156.196,148.861,7.335000000000008,7.374199924997942,0.736779190186792
534.0,1586.8333333333335,96034.0,156.562,149.008,7.554000000000002,7.594446255389501,0.7587846842875708
535.0,1589.8333333333335,96214.0,154.814,146.911,7.902999999999992,7.9453943537770275,0.793848997481877
536.0,1592.8333333333335,96394.0,154.324,146.982,7.342000000000013,7.3814587750476175,0.7375044444131058
537.0,1595.8333333333335,96574.0,156.495,149.006,7.489000000000004,7.529324103315609,0.752278128056898
538.0,1598.8333333333335,96754.0,156.571,148.99,7.580999999999989,7.621895690766429,0.7615272425276234
539.0,1601.8333333333335,96934.0,154.94,147.129,7.811000000000007,7.853214957106696,0.7846390680086544
540.0,1604.8333333333335,97114.0,156.594,149.131,7.462999999999994,7.503409206663661,0.749688890341187
541.0,1607.8333333333335,97294.0,154.882,147.217,7.664999999999992,7.70658002254701,0.7699883168170926
542.0,1610.8333333333335,97474.0,154.797,147.099,7.6980000000000075,7.739836434320079,0.7733110680828426
543.0,1613.8333333333335,97654.0,154.593,146.899,7.693999999999988,7.735892053994716,0.77291697280858
544.0,1616.8333333333335,97834.0,156.795,149.052,7.742999999999995,7.785236699661794,0.7778471494303717
545.0,1619.8333333333335,98014.0,154.668,147.21,7.457999999999998,7.498757062112085,0.7492240801475113
546.0,1622.8333333333335,98194.0,156.917,149.337,7.5800000000000125,7.621499991879465,0.7614877070243199
547.0,1625.8333333333335,98374.0,154.758,147.143,7.615000000000009,7.6567681818322395,0.7650114612887889
548.0,1628.8333333333335,98554.0,154.719,147.357,7.361999999999995,7.402454504102542,0.7396021928343317
549.0,1631.8333333333335,98734.0,156.537,149.462,7.075000000000017,7.113948565987562,0.7107766695761601
550.0,1634.8333333333335,98914.0,156.546,149.406,7.139999999999986,7.179378190758767,0.7173139463578398
551.0,1637.8333333333335,99094.0,154.586,147.359,7.227000000000004,7.266930677992978,0.7260615869560543
552.0,1640.8333333333335,99274.0,156.555,149.615,6.939999999999998,6.978414727104179,0.6972350632905896
553.0,1643.8333333333335,99454.0,154.512,147.436,7.075999999999993,7.1152386749400875,0.7109055683636845
554.0,1646.8333333333335,99634.0,154.175,147.077,7.098000000000013,7.137432045914533,0.713122976904323
555.0,1649.8333333333335,99814.0,156.313,149.127,7.185999999999979,7.2259931784126366,0.7219713943797953
556.0,1652.8333333333335,99994.0,154.204,147.253,6.951000000000022,6.989755199616445,0.6983681250788384
557.0,1655.8333333333335,100174.0,156.224,149.419,6.804999999999978,6.8430096084893135,0.6837063178463527
558.0,1658.8333333333335,100354.0,156.278,149.155,7.1229999999999905,7.1628574388363,0.7156633067838504
559.0,1661.8333333333335,100534.0,154.044,147.061,6.983000000000004,7.0221442763203505,0.7016042182072476
560.0,1664.8333333333335,100714.0,156.395,149.023,7.372000000000014,7.413399009035961,0.7406956922734377
561.0,1667.8333333333335,100894.0,155.752,148.985,6.766999999999996,6.805069555258478,0.6799156094333222
562.0,1670.8333333333335,101074.0,153.955,146.938,7.017000000000024,7.05654656175073,0.7050414572647413
563.0,1673.8333333333335,101254.0,155.857,148.894,6.962999999999994,7.0023122501445,0.6996227389506202
564.0,1676.8333333333335,101434.0,155.824,148.89,6.934000000000026,6.973218251509597,0.6967158672938248
565.0,1679.8333333333335,101614.0,154.08,146.679,7.4010000000000105,7.442934002002545,0.7436466250419302
566.0,1682.8333333333335,101794.0,155.58,148.824,6.756,6.79434738071403,0.6788443237130748
567.0,1685.8333333333335,101974.0,153.961,146.942,7.0190000000000055,7.058910770109377,0.7052776726559205
568.0,1688.8333333333335,102154.0,153.735,146.689,7.046000000000021,7.086135155938239,0.7079977454974942
569.0,1691.8333333333335,102334.0,155.797,148.891,6.906000000000006,6.945407147012503,0.6939371735700341
570.0,1694.8333333333335,102514.0,155.738,148.962,6.7760000000000105,6.81473348556301,0.6808811626887551
571.0,1697.8333333333335,102694.0,153.626,146.988,6.638000000000005,6.676011399267682,0.6670210087139193
572.0,1700.8333333333335,102874.0,155.906,149.172,6.734000000000009,6.772628853197355,0.6766743582553252
573.0,1703.8333333333335,103054.0,155.66,148.85,6.810000000000002,6.849133309861142,0.6843181558468913
574.0,1706.8333333333335,103234.0,153.327,146.599,6.728000000000009,6.766729768096763,0.6760849623632335
575.0,1709.8333333333335,103414.0,155.443,148.647,6.796000000000021,6.835189562015467,0.6829249927443993
576.0,1712.8333333333335,103594.0,155.67,148.812,6.857999999999976,6.89761606473598,0.6891622182859385
577.0,1715.8333333333335,103774.0,153.098,146.933,6.1650000000000205,6.200674873032108,0.6195286618250266
578.0,1718.8333333333335,103954.0,153.079,146.495,6.584000000000003,6.622165712655019,0.6616411191284683
579.0,1721.8333333333335,104134.0,155.268,148.463,6.805000000000007,6.844515236216187,0.6838567497831881
580.0,1724.8333333333335,104314.0,155.209,148.746,6.462999999999994,6.500594318133234,0.6494945439722944
581.0,1727.8333333333335,104494.0,153.149,146.417,6.731999999999999,6.771226763402534,0.6765342711144686
582.0,1730.8333333333335,104674.0,155.393,148.745,6.647999999999996,6.686804170603983,0.6680993479786407
583.0,1733.8333333333335,104854.0,153.151,146.542,6.609000000000009,6.647643004906604,0.664186634431036
584.0,1736.8333333333335,105034.0,155.053,148.583,6.469999999999999,6.507895346708822,0.650224012385975
585.0,1739.8333333333335,105214.0,153.002,146.687,6.314999999999998,6.352051018564485,0.6346531221126929
586.0,1742.8333333333335,105394.0,152.898,146.471,6.4269999999999925,6.4647727861716735,0.6459155035911922
587.0,1745.8333333333335,105574.0,154.751,148.414,6.3370000000000175,6.3743075806239125,0.6368768442706585
588.0,1748.8333333333335,105754.0,154.85,148.311,6.538999999999987,6.577562582887226,0.6571846820689429
589.0,1751.8333333333335,105934.0,154.516,148.201,6.314999999999998,6.352305105686937,0.6346785087453066
590.0,1754.8333333333335,106114.0,153.087,146.273,6.813999999999993,6.8543214312565155,0.6848365171496972
591.0,1757.8333333333335,106294.0,152.56,146.172,6.388000000000005,6.425864860450398,0.6420280920351816
592.0,1760.8333333333335,106474.0,152.412,146.364,6.048000000000002,6.083910349757973,0.6078623560867145
593.0,1763.8333333333335,106654.0,154.232,148.235,5.996999999999986,6.032667860685583,0.602742560042953
594.0,1766.8333333333335,106834.0,154.399,148.148,6.251000000000005,6.288241437568649,0.6282777089301863
595.0,1769.8333333333335,107014.0,154.158,147.93,6.22799999999998,6.265167062359989,0.6259722765235232
596.0,1772.8333333333335,107194.0,154.325,148.204,6.120999999999981,6.157590090157168,0.6152239275136658
597.0,1775.8333333333335,107374.0,154.33,148.16,6.170000000000016,6.206945071308303,0.6201551367857319
598.0,1778.8333333333335,107554.0,152.286,146.019,6.266999999999996,6.304588938911116,0.6299110385012833
599.0,1781.8333333333335,107734.0,151.944,145.802,6.141999999999996,6.178900988125235,0.6173531654386968
600.0,1784.8333333333335,107914.0,154.022,147.847,6.174999999999983,6.212161372633833,0.6206763136327774
