"RecordsIndex","Gene_names","Protein","Position","Control_0","Control_2_5","Control_5","Control_7_5","Control_10","Control_20","Control_30","Control_45","B55_0","B55_2_5","B55_5","B55_7_5","B55_10","B55_20","B55_30","B55_45","GWL_0","GWL_2_5","GWL_5","GWL_7_5","GWL_10","GWL_20","GWL_30","GWL_45","CM_Con_H_B55_L_","CM_Con_L_B55_H_","CM_Con_H_GWL_L_","CM_Con_L_GWL_H_","CM_B55_H_GWL_L_","CM_B55_L_GWL_H_","error_Control_0","error_Control_2_5","error_Control_5","error_Control_7_5","error_Control_10","error_Control_20","error_Control_30","error_Control_45","error_B55_0","error_B55_2_5","error_B55_5","error_B55_7_5","error_B55_10","error_B55_20","error_B55_30","error_B55_45","error_GWL_0","error_GWL_2_5","error_GWL_5","error_GWL_7_5","error_GWL_10","error_GWL_20","error_GWL_30","error_GWL_45","error_CM_Con_H_B55_L_","error_CM_Con_L_B55_H_","error_CM_Con_H_GWL_L_","error_CM_Con_L_GWL_H_","error_CM_B55_H_GWL_L_","error_CM_B55_L_GWL_H_","Sequence","Sequence_window","Molecular_function","Biological_process","Cellular_component","k_ds","k_bg","o","Sim_Control0_0","Sim_Control2_5","Sim_Control5_0","Sim_Control7_5","Sim_Control10_0","Sim_Control12_5","Sim_Control15_0","Sim_Control17_5","Sim_Control20_0","Sim_Control22_5","Sim_Control25_0","Sim_Control27_5","Sim_Control30_0","Sim_Control32_5","Sim_Control35_0","Sim_Control37_5","Sim_Control40_0","Sim_Control42_5","Sim_Control45_0","Sim_B550_0","Sim_B552_5","Sim_B555_0","Sim_B557_5","Sim_B5510_0","Sim_B5512_5","Sim_B5515_0","Sim_B5517_5","Sim_B5520_0","Sim_B5522_5","Sim_B5525_0","Sim_B5527_5","Sim_B5530_0","Sim_B5532_5","Sim_B5535_0","Sim_B5537_5","Sim_B5540_0","Sim_B5542_5","Sim_B5545_0","Sim_GWL0_0","Sim_GWL2_5","Sim_GWL5_0","Sim_GWL7_5","Sim_GWL10_0","Sim_GWL12_5","Sim_GWL15_0","Sim_GWL17_5","Sim_GWL20_0","Sim_GWL22_5","Sim_GWL25_0","Sim_GWL27_5","Sim_GWL30_0","Sim_GWL32_5","Sim_GWL35_0","Sim_GWL37_5","Sim_GWL40_0","Sim_GWL42_5","Sim_GWL45_0","k_gwl","k_pind","rmsd"
"20694_S","NUMA1","Q14980",2015.0,0.9347160000000001,0.844322,0.5719960000000001,0.41502750000000005,0.26525333333333334,0.097536,NaN,NaN,1.0142266666666666,1.1197333333333335,0.9901433333333333,0.92705,0.8965366666666666,0.82124,0.6068333333333333,0.357435,0.991995,0.33855,NaN,0.13501,NaN,NaN,NaN,0.13127,0.871295,1.0469979999999999,1.3362999999999998,0.624815,1.7686,0.604295,0.010009834124499767,0.05756067189322932,0.040032473833127025,0.039346965436517466,0.046104640924909235,NaN,NaN,NaN,0.0343592719709014,0.020540862616673056,0.022145608125749425,0.0164048773235279,0.0287796058835908,0.022105513892340178,0.037859483229045414,0.06124605385247281,0.010474146047132751,0.004094148263070103,NaN,NaN,NaN,NaN,NaN,NaN,0.020413738990771226,0.015065702134318192,0.055486224516641175,0.012257696051868792,NaN,0.030458624599610514,"MTLHATRGAALLSWVNSLHVADPVEAVLQLQDCSIFIKIIDRIHGTEEGQQILKQPVSERLDFVCSFLQKNRKHPSSPECLVSAQKVLEGSELELAKMTMLLLYHSTMSSKSPRDWEQFEYKIQAELAVILKFVLDHEDGLNLNEDLENFLQKAPVPSTCSSTFPEELSPPSHQAKREIRFLELQKVASSSSGNNFLSGSPASPMGDILQTPQFQMRRLKKQLADERSNRDELELELAENRKLLTEKDAQIAMMQQRIDRLALLNEKQAASPLEPKELEELRDKNESLTMRLHETLKQCQDLKTEKSQMDRKINQLSEENGDLSFKLREFASHLQQLQDALNELTEEHSKATQEWLEKQAQLEKELSAALQDKKCLEEKNEILQGKLSQLEEHLSQLQDNPPQEKGEVLGDVLQLETLKQEAATLAANNTQLQARVEMLETERGQQEAKLLAERGHFEEEKQQLSSLITDLQSSISNLSQAKEELEQASQAHGARLTAQVASLTSELTTLNATIQQQDQELAGLKQQAKEKQAQLAQTLQQQEQASQGLRHQVEQLSSSLKQKEQQLKEVAEKQEATRQDHAQQLATAAEEREASLRERDAALKQLEALEKEKAAKLEILQQQLQVANEARDSAQTSVTQAQREKAELSRKVEELQACVETARQEQHEAQAQVAELELQLRSEQQKATEKERVAQEKDQLQEQLQALKESLKVTKGSLEEEKRRAADALEEQQRCISELKAETRSLVEQHKRERKELEEERAGRKGLEARLQQLGEAHQAETEVLRRELAEAMAAQHTAESECEQLVKEVAAWRERYEDSQQEEAQYGAMFQEQLMTLKEECEKARQELQEAKEKVAGIESHSELQISRQQNELAELHANLARALQQVQEKEVRAQKLADDLSTLQEKMAATSKEVARLETLVRKAGEQQETASRELVKEPARAGDRQPEWLEEQQGRQFCSTQAALQAMEREAEQMGNELERLRAALMESQGQQQEERGQQEREVARLTQERGRAQADLALEKAARAELEMRLQNALNEQRVEFATLQEALAHALTEKEGKDQELAKLRGLEAAQIKELEELRQTVKQLKEQLAKKEKEHASGSGAQSEAAGRTEPTGPKLEALRAEVSKLEQQCQKQQEQADSLERSLEAERASRAERDSALETLQGQLEEKAQELGHSQSALASAQRELAAFRTKVQDHSKAEDEWKAQVARGRQEAERKNSLISSLEEEVSILNRQVLEKEGESKELKRLVMAESEKSQKLEERLRLLQAETASNSARAAERSSALREEVQSLREEAEKQRVASENLRQELTSQAERAEELGQELKAWQEKFFQKEQALSTLQLEHTSTQALVSELLPAKHLCQQLQAEQAAAEKRHREELEQSKQAAGGLRAELLRAQRELGELIPLRQKVAEQERTAQQLRAEKASYAEQLSMLKKAHGLLAEENRGLGERANLGRQFLEVELDQAREKYVQELAAVRADAETRLAEVQREAQSTARELEVMTAKYEGAKVKVLEERQRFQEERQKLTAQVEQLEVFQREQTKQVEELSKKLADSDQASKVQQQKLKAVQAQGGESQQEAQRLQAQLNELQAQLSQKEQAAEHYKLQMEKAKTHYDAKKQQNQELQEQLRSLEQLQKENKELRAEAERLGHELQQAGLKTKEAEQTCRHLTAQVRSLEAQVAHADQQLRDLGKFQVATDALKSREPQAKPQLDLSIDSLDLSCEEGTPLSITSKLPRTQPDGTSVPGEPASPISQRLPPKVESLESLYFTPIPARSQAPLESSLDSLGDVFLDSGRKTRSARRRTTQIINITMTKKLDVEEPDSANSSFYSTRSAPASQASLRATSSTQSLARLGSPDYGNSALLSLPGYRPTTRSSARRSQAGVSSGAPPGRNSFYMGTCQDEPEQLDDWNRIAELQQRNRVCPPHLKTCYPLESRPSLSLGTITDEEMKTGDPQETLRRASMQPIQIAEGTGITTRQQRKRVSLEPHQGPGTPESKKATSCFPRPMTPRDRHEGRKQSTTEAQKKAAPASTKQADRRQSMAFSILNTPKKLGNSLLRRGASKKALSKASPNTRSGTRRSPRIATTTASAATAAAIGATPRAKGKAKH","VSLEPHQGPGTPESKKATSCFPRPMTPRDRHEGRKQ","structural constituent of cytoskeleton(GO:0005198);microtubule binding(GO:0005200)","mitosis(GO:0009987)","microtubule(GO:0032991);cytoskeleton(GO:0043234);intracellular(GO:0005874)",0.3,0.0158,0.004,0.9347160000000001,0.848135974972394,0.6912980503344879,0.507344403508966,0.34149194507046865,0.2159697457266025,0.13281961125038327,0.0795463163917817,0.04680822420455143,0.02722396178197268,0.015711646055012716,0.008880981182639006,0.005081556397705749,0.002901129409133256,0.0016538537810741505,0.0009418945600481608,0.0005276243036246298,0.00030016249648127236,0.0001707125249965667,1.0142266666666666,0.97250483949149,0.932807476854251,0.8945957248992272,0.8578002151748323,0.8223524387651948,0.7881838359540448,0.7551274959892046,0.7233015439466922,0.6924242891948347,0.6625055662280913,0.6333070322095647,0.6048067014942654,0.5768246499714598,0.5486774647050957,0.5201907183658421,0.48982145239761,0.45522453283701164,0.4140141489342075,0.977923661454625,0.5785718214865847,0.3404174434605617,0.19456590394529827,0.1101881108618228,0.06202600722671983,0.03421056786130441,0.019128600835941787,0.010677090857804954,0.005952825757882411,0.003316362555131504,0.0018163218204506238,0.0010110256461638104,0.000562646717402757,0.00031307315945066684,0.00017132349155198293,9.531385892635996e-5,5.302452671681652e-5,2.9990481510228624e-5,0.895006327589305,0.9999999991960862,0.05000834217853072
"18591_S","VIPAS39","Q9H9C1",132.0,1.117025,0.8467316666666668,0.7840166666666667,0.6259133333333333,0.45104999999999995,0.098899,0.068235,NaN,1.02471,1.0080225,0.9156475000000001,0.98086,0.9493275,0.8943025,0.8828999999999999,0.6892625,1.0348899999999999,0.6577033333333333,0.4397433333333333,0.4184,NaN,NaN,NaN,NaN,1.0259416666666668,0.9527983333333333,2.48115,0.37127,2.7308000000000003,0.25998,0.03859125660546556,0.02118869060022001,0.025135673446908674,0.02061642922705273,0.05030156496074451,NaN,NaN,NaN,0.03889763246151507,0.010941269421895258,0.008774983944667167,0.032957008359376296,0.010326405952500286,0.02547929988040945,0.02864062877568624,0.029603981459073482,0.028410028159084947,0.04621698873951168,0.028739908051606824,0.05436236933762178,NaN,NaN,NaN,NaN,0.03635163136208863,0.01808685487728179,0.10127605528949081,0.0017943089044098386,0.2643165148075314,NaN,"MNRTKGDEEEYWNSSKFKAFTFDDEDDELSQLKESKRAVNSLRDFVDDDDDDDLERVSWSGEPVGSISWSIRETAGNSGSTHEGREQLKSRNSFSSYAQLPKPTSTYSLSSFFRGRTRPGSFQSLSDALSDTPAKSYAPELGRPKGEYRDYSNDWSPSDTVRRLRKGKVCSLERFRSLQDKLQLLEEAVSMHDGNVITAVLIFLKRTLSKEILFRELEVRQVALRHLIHFLKEIGDQKLLLDLFRFLDRTEELALSHYREHLNIQDPDKRKEFLKTCVGLPFSAEDSAHIQDHYTLLERQIIIEANDRHLESAGQTEIFRKHPRKASILNMPLVTTLFYSCFYHYTEAEGTFSSPVNLKKTFKIPDKQYVLTALAARAKLRAWNDVDALFTTKNWLGYTKKRAPIGFHRVVEILHKNNAPVQILQEYVNLVEDVDTKLNLATKFKCHDVVIDTYRDLKDRQQLLAYRSKVDKGSAEEEKIDALLSSSQIRWKN","YSLSSFFRGRTRPGSFQSLSDALSDTPAKSYAPELG","_","_","_",0.2504,0.0058,0.0023,1.117025,1.0491781652942702,0.9010561304805541,0.7089655139726373,0.5189772676882702,0.36064606004170685,0.24483784809018871,0.16258022399398456,0.10638168378381428,0.06893373272704874,0.04438060856058434,0.028081270572504518,0.017949861342966222,0.01145248191142203,0.007297996624548827,0.004646790681020372,0.0029181487243205638,0.00185635753201497,0.0011806289555866282,1.02471,1.0078480690334815,0.9915370284742837,0.9753672742160803,0.9593220620103468,0.9433821454497263,0.9275247154398335,0.9116240575900421,0.8958347311891005,0.879902423898458,0.8638621209749278,0.8474747671985077,0.8307234673119485,0.8134037908326871,0.7946809080963326,0.7742613836473652,0.7500724798349477,0.7187400174247585,0.6763880795943179,1.0226228132604542,0.6721655954918172,0.4397802497021249,0.28085276220594485,0.1779893105326373,0.1122315280273753,0.0695739779835454,0.043624831599292944,0.027314423004920735,0.017085723779241637,0.010680660790430658,0.006582329587070913,0.004111837940784127,0.002568102960988959,0.001603746838929846,0.0009876818464978562,0.0006167103922910104,0.0003850615138763049,0.00024376805032974512,0.9999999991394698,0.6999424862143124,0.10212829172997875
"13187_S","TOPBP1","Q92547",805.0,0.968155,0.8562566666666666,0.8095683333333333,0.6699250000000001,0.5678216666666668,0.17674499999999996,NaN,NaN,0.9984875,1.0409999999999997,0.902725,0.9082524999999999,0.8875850000000001,0.86444,0.8473225,0.6733775,0.990725,0.6314000000000001,0.3217725,0.2567825,0.18609000000000003,NaN,NaN,NaN,1.0054183333333333,0.8866633333333334,1.4950249999999998,0.6083475,1.48035,0.688635,0.013473389813092903,0.0318833266538879,0.01576681886525083,0.019363757433526283,0.029390845540305133,0.01139606548818982,NaN,NaN,0.007607812151280196,0.01107569912516186,0.014149361072147398,0.02171268766710299,0.027071730373521882,0.023764477867887886,0.015460047080431768,0.03389998422904009,0.038428824549418615,0.024398568605555535,0.010696344853694962,0.011819503545517465,0.00927074385724612,NaN,NaN,NaN,0.0068752854822882,0.013702491690145938,0.06135178065535939,0.006350058521711966,0.029309576080182385,0.0018773685040502574,"MSRNDKEPFFVKFLKSSDNSKCFFKALESIKEFQSEEYLQIITEEEALKIKENDRSLYICDPFSGVVFDHLKKLGCRIVGPQVVIFCMHHQRCVPRAEHPVYNMVMSDVTISCTSLEKEKREEVHKYVQMMGGRVYRDLNVSVTHLIAGEVGSKKYLVAANLKKPILLPSWIKTLWEKSQEKKITRYTDINMEDFKCPIFLGCIICVTGLCGLDRKEVQQLTVKHGGQYMGQLKMNECTHLIVQEPKGQKYECAKRWNVHCVTTQWFFDSIEKGFCQDESIYKTEPRPEAKTMPNSSTPTSQINTIDSRTLSDVSNISNINASCVSESICNSLNSKLEPTLENLENLDVSAFQAPEDLLDGCRIYLCGFSGRKLDKLRRLINSGGGVRFNQLNEDVTHVIVGDYDDELKQFWNKSAHRPHVVGAKWLLECFSKGYMLSEEPYIHANYQPVEIPVSHKPESKAALLKKKNSSFSKKDFAPSEKHEQADEDLLSQYENGSSTVVEAKTSEARPFNDSTHAEPLNDSTHISLQEENQSSVSHCVPDVSTITEEGLFSQKSFLVLGFSNENESNIANIIKENAGKIMSLLSRTVADYAVVPLLGCEVEATVGEVVTNTWLVTCIDYQTLFDPKSNPLFTPVPVMTGMTPLEDCVISFSQCAGAEKESLTFLANLLGASVQEYFVRKSNAKKGMFASTHLILKERGGSKYEAAKKWNLPAVTIAWLLETARTGKRADESHFLIENSTKEERSLETEITNGINLNSDTAEHPGTRLQTHRKTVVTPLDMNRFQSKAFRAVVSQHARQVAASPAVGQPLQKEPSLHLDTPSKFLSKDKLFKPSFDVKDALAALETPGRPSQQKRKPSTPLSEVIVKNLQLALANSSRNAVALSASPQLKEAQSEKEEAPKPLHKVVVCVSKKLSKKQSELNGIAASLGADYRWSFDETVTHFIYQGRPNDTNREYKSVKERGVHIVSEHWLLDCAQECKHLPESLYPHTYNPKMSLDISAVQDGRLCNSRLLSAVSSTKDDEPDPLILEENDVDNMATNNKESAPSNGSGKNDSKGVLTQTLEMRENFQKQLQEIMSATSIVKPQGQRTSLSRSGCNSASSTPDSTRSARSGRSRVLEALRQSRQTVPDVNTEPSQNEQIIWDDPTAREERARLASNLQWPSCPTQYSELQVDIQNLEDSPFQKPLHDSEIAKQAVCDPGNIRVTEAPKHPISEELETPIKDSHLIPTPQAPSIAFPLANPPVAPHPREKIITIEETHEELKKQYIFQLSSLNPQERIDYCHLIEKLGGLVIEKQCFDPTCTHIVVGHPLRNEKYLASVAAGKWVLHRSYLEACRTAGHFVQEEDYEWGSSSILDVLTGINVQQRRLALAAMRWRKKIQQRQESGIVEGAFSGWKVILHVDQSREAGFKRLLQSGGAKVLPGHSVPLFKEATHLFSDLNKLKPDDSGVNIAEAAAQNVYCLRTEYIADYLMQESPPHVENYCLPEAISFIQNNKELGTGLSQKRKAPTEKNKIKRPRVH","PLDMNRFQSKAFRAVVSQHARQVAASPAVGQPLQKE","nucleic acid binding(GO:0005488)","DNA replication(GO:0008152);cell cycle(GO:0044238);chromatin organization(GO:0006139)","_",0.2285,0.0057,0.0011,0.968155,0.9134171570830562,0.794164488627615,0.6374534457614891,0.47904721453682875,0.3433156115233026,0.24085726011587374,0.16559913600641402,0.11233762597661233,0.07553157389821134,0.05048629966779883,0.03321542861964198,0.0220566919200207,0.014621958378219998,0.009682399142705833,0.006406736181750393,0.004186199253835133,0.002767662149367755,0.0018294174268416556,0.9984875,0.9824823767590132,0.966977136691523,0.95160736224373,0.9363579451769232,0.9212115230478488,0.906147526490493,0.8910535606008715,0.876067115672659,0.8609608841142171,0.8457654987355059,0.830266636787612,0.8144480882578655,0.7981255609656333,0.7805489446301334,0.7614502376570526,0.7389593598547087,0.7100153217171834,0.6710524868680557,0.9800028513743156,0.6675512410993328,0.45280952586514406,0.30043450373441477,0.19794628289632948,0.12982027895032838,0.08382913244298663,0.05469769332113305,0.035642599786791046,0.023205411962518647,0.015099298645254002,0.009697991834628545,0.006306202330867072,0.004099973542503996,0.0026652980898681025,0.0017107905507007656,0.0011120071166702947,0.0007227769342951209,0.00047574502501555665,0.9999999987826187,0.9999996097301805,0.04509893310699706
"18238_S","TBC1D23","Q9NUY8",514.0,0.9261916666666666,0.8528699999999999,0.7293675000000001,0.63106,0.47717000000000004,0.181238,0.075963,NaN,0.9197799999999999,0.9210975,0.92611,0.8196233333333334,0.84757,0.801585,0.8503775,0.6741075,1.0400666666666667,0.5447466666666666,0.451755,0.32285,0.30689,NaN,NaN,NaN,0.9514799999999999,0.9791175,2.6999500000000003,0.47601,3.0771,0.34103,0.01348932406743556,0.013305712599397968,0.031907612230142934,0.02475829364408352,0.023658383292186308,0.00797432146329705,NaN,NaN,0.007554006295411134,0.012412192657322884,0.017210710166766646,0.03713410895858615,0.01609820003740929,0.007725315123022488,0.01356458860645983,0.02561766637945711,0.054067822566079345,0.030124364508434646,0.05759031179373838,NaN,NaN,NaN,NaN,NaN,0.03127270033111947,0.022499555863672065,0.01233901333170523,0.00376569751543825,NaN,NaN,"MAEGEDVPPLPTSSGDGWEKDLEEALEAGGCDLETLRNIIQGRPLPADLRAKVWKIALNVAGKGDSLASWDGILDLPEQNTIHKDCLQFIDQLSVPEEKAAELLLDIESVITFYCKSRNIKYSTSLSWIHLLKPLVHLQLPRSDLYNCFYAIMNKYIPRDCSQKGRPFHLFRLLIQYHEPELCSYLDTKKITPDSYALNWLGSLFACYCSTEVTQAIWDGYLQQADPFFIYFLMLIILVNAKEVILTQESDSKEEVIKFLENTPSSLNIEDIEDLFSLAQYYCSKTPASFRKDNHHLFGSTLLGIKDDDADLSQALCLAISVSEILQANQLQGEGVRFFVVDCRPAEQYNAGHLSTAFHLDSDLMLQNPSEFAQSVKSLLEAQKQSIESGSIAGGEHLCFMGSGREEEDMYMNMVLAHFLQKNKEYVSIASGGFMALQQHLADINVDGPENGYGHWIASTSGSRSSINSVDGESPNGSSDRGMKSLVNKMTVALKTKSVNVREKVISFIENTSTPVDRMSFNLPWPDRSCTERHVSSSDRVGKPYRGVKPVFSIGDEEEYDTDEIDSSSMSDDDRKEVVNIQTWINKPDVKHHFPCKEVKESGHMFPSHLLVTATHMYCLREIVSRKGLAYIQSRQALNSVVKITSKKKHPELITFKYGNSSASGIEILAIERYLIPNAGDATKAIKQQIMKVLDALES","KMTVALKTKSVNVREKVISFIENTSTPVDRMSFNLP","_","_","_",0.2188,0.0039,0.0013,0.9261916666666666,0.8794066099128269,0.7721503771546491,0.6280351372997042,0.4795923774102665,0.3499621649177708,0.2502150926040481,0.17547297853571267,0.12148520221183011,0.08339435540528257,0.05692463390117319,0.038271647306049233,0.025960736334747648,0.017581370384241526,0.011893821511915209,0.008040448363362847,0.005370324806867246,0.0036275552378243346,0.0024498418023165447,0.9197799999999999,0.9091920351228111,0.8989425618596124,0.8887109497877377,0.8784844490416086,0.8682480353335424,0.8579834957169943,0.8475886398460658,0.8371880431518249,0.8265732389047575,0.8157701054537829,0.8045777137875841,0.7929760521378686,0.7807872788129749,0.7672975382526018,0.7522349581007262,0.7337986367170227,0.7090099307420551,0.674331144654683,1.0292858634137738,0.7154235687737407,0.49526961653272755,0.33568413963717075,0.2260019353476715,0.151487270396746,0.1000422852774802,0.06672993907992769,0.044453762812486815,0.029589118319593266,0.019684021007260882,0.012932803785686807,0.008598150135567228,0.00571541174312548,0.003798775752293239,0.002494365967397071,0.0016576948552989455,0.0011016295971920218,0.0007409817478706776,0.8512368867250429,0.9999999993760568,0.08969965516037179
"17674_S","KIF22","Q14807",463.0,1.02461,0.8867483333333332,0.8766366666666667,0.623402,0.4842233333333333,0.20948333333333333,NaN,NaN,1.0249400000000002,1.1553624999999998,1.0263333333333333,1.0310525,1.0225950000000001,0.9199775,0.7923549999999999,0.6750149999999999,1.0046875,0.6303666666666666,0.4532366666666667,0.36096666666666666,NaN,NaN,NaN,NaN,0.919255,1.2081,1.3193,0.6576,2.40605,0.430425,0.03241165558526404,0.05443242852296237,0.039494764697596545,0.025523323506158054,0.021419132171097945,0.03535418823740585,NaN,NaN,0.02772762821928098,0.042030932774515396,0.0150596714341218,0.043654515105112555,0.03951487744613836,0.029637583570457173,0.04621296368444681,0.03525230196384344,0.008656274067355243,0.025808948132454063,0.03443813976350015,0.04082147369724438,NaN,NaN,NaN,NaN,0.028516592747809905,0.02923839560881852,0.0439704572538325,0.010459600056088826,0.5302947305508514,0.016351844314938916,"MAAGGSTQQRRREMAAASAAAISGAGRCRLSKIGATRRPPPARVRVAVRLRPFVDGTAGASDPPCVRGMDSCSLEIANWRNHQETLKYQFDAFYGERSTQQDIYAGSVQPILRHLLEGQNASVLAYGPTGAGKTHTMLGSPEQPGVIPRALMDLLQLTREEGAEGRPWALSVTMSYLEIYQEKVLDLLDPASGDLVIREDCRGNILIPGLSQKPISSFADFERHFLPASRNRTVGATRLNQRSSRSHAVLLVKVDQRERLAPFRQREGKLYLIDLAGSEDNRRTGNKGLRLKESGAINTSLFVLGKVVDALNQGLPRVPYRDSKLTRLLQDSLGGSAHSILIANIAPERRFYLDTVSALNFAARSKEVINRPFTNESLQPHALGPVKLSQKELLGPPEAKRARGPEEEEIGSPEPMAAPASASQKLSPLQKLSSMDPAMLERLLSLDRLLASQGSQGAPLLSTPKRERMVLMKTVEEKDLEIERLKTKQKELEAKMLAQKAEEKENHCPTMLRPLSHRTVTGAKPLKKAVVMPLQLIQEQAASPNAEIHILKNKGRKRKLESLDALEPEEKAEDCWELQISPELLAHGRQKILDLLNEGSARDLRSLQRIGPKKAQLIVGWRELHGPFSQVEDLERVEGITGKQMESFLKANILGLAAGQRCGAS","AMLERLLSLDRLLASQGSQGAPLLSTPKRERMVLMK","motor activity(GO:0003824)","phosphate-containing compound metabolic process(GO:0008152);nitrogen compound metabolic process(GO:0006796);catabolic process(GO:0006807);nucleobase-containing compound metabolic process(GO:0009056);cellular component movement(GO:0044238)","protein complex(GO:0032991);cytoskeleton(GO:0043234);intracellular(GO:0043226)",0.2172,0.0058,0.0015,1.02461,0.9685414214259196,0.8471290438732187,0.6867423587878142,0.5229313691942784,0.38062770300980614,0.27149662930271873,0.18997402421903084,0.13124453265082306,0.08990739551417304,0.06124601573743868,0.04109810066479838,0.02782276928381565,0.01880528729229168,0.012696849818428365,0.008566519646721737,0.005711005669146757,0.0038501547003366244,0.0025951050844678996,1.0249400000000002,1.0083539649134923,0.9922736824763839,0.9763433031294435,0.9605478228827592,0.9448700503214582,0.9292896783686695,0.9136969083410743,0.8982255266651831,0.882653764019562,0.8670112668831592,0.851088975153452,0.834870858649518,0.818177044819527,0.8002761092682895,0.7809058208633606,0.758240522285366,0.729285674478211,0.6905322750449543,0.9943491802177937,0.6896480079813692,0.47640909924846414,0.3222630409541755,0.21654811983814096,0.14487551765691276,0.09550503756245426,0.0635851292685225,0.04228044303301983,0.028090654693811997,0.018652809691686218,0.012233852506849541,0.00811854400647393,0.005386711688804503,0.0035737427631258242,0.0023425120570016063,0.0015539249977678728,0.001030777566669736,0.0006919941891364959,0.9999999993603782,0.9859600028254707,0.05278927693889211
"18826_S","PRC1","O43663",470.0,0.933735,0.9697533333333334,0.8715583333333333,0.6935700000000001,0.54148,0.2046583333333333,0.07624175,0.0345155,1.0039150000000001,1.102835,1.04172,1.0256574999999999,1.0031475,0.9769400000000001,0.8906624999999999,0.7831875,1.0253824999999999,0.6337325,0.3794475,0.285685,0.1925875,0.09354,0.06766749999999999,0.061178249999999997,0.9553716666666667,0.9375916666666667,1.09225,0.7858575000000001,1.13175,0.8702650000000001,0.019627780447054568,0.019937190531674625,0.024075609705367488,0.010466504988135561,0.01782097652892356,0.009148242175817571,0.002817649562541741,0.005800750479463843,0.007446117696491234,0.045664421485258455,0.04109030927927734,0.029865426107164455,0.03501831433782187,0.02351705241238083,0.023560627412327118,0.030250194722169426,0.027472641571130968,0.00900488001377586,0.010455910484625429,0.006916732278805268,0.009264670432841451,0.006265101246189083,0.003095403800395031,0.005636508476645064,0.015307733318550199,0.012037695119760106,0.007558397647649926,0.040757110237305015,0.029521708114538327,0.03382445287805851,"MRRSEVLAEESIVCLQKALNHLREIWELIGIPEDQRLQRTEVVKKHIKELLDMMIAEEESLKERLIKSISVCQKELNTLCSELHVEPFQEEGETTILQLEKDLRTQVELMRKQKKERKQELKLLQEQDQELCEILCMPHYDIDSASVPSLEELNQFRQHVTTLRETKASRREEFVSIKRQIILCMEALDHTPDTSFERDVVCEDEDAFCLSLENIATLQKLLRQLEMQKSQNEAVCEGLRTQIRELWDRLQIPEEEREAVATIMSGSKAKVRKALQLEVDRLEELKMQNMKKVIEAIRVELVQYWDQCFYSQEQRQAFAPFCAEDYTESLLQLHDAEIVRLKNYYEVHKELFEGVQKWEETWRLFLEFERKASDPNRFTNRGGNLLKEEKQRAKLQKMLPKLEEELKARIELWEQEHSKAFMVNGQKFMEYVAEQWEMHRLEKERAKQERQLKNKKQTETEMLYGSAPRTPSKRRGLAPNTPGKARKLNTTTMSNATANSSIRPIFGGTVYHSPVSRLPPSGSKPVAASTCSGKKTPRTGRHGANKENLELNGSILSGGYPGSAPLQRNFSINSVASTYSEFAKDPSLSDSSTVGLQRELSKASKSDATSGILNSTNIQS","RAKQERQLKNKKQTETEMLYGSAPRTPSKRRGLAPN","structural constituent of cytoskeleton(GO:0005198);microtubule binding(GO:0005200)","cytokinesis(GO:0009987);mitosis(GO:0000910)","microtubule(GO:0032991);cytoskeleton(GO:0043234);intracellular(GO:0005874)",0.2142,0.0016,0.0015,0.933735,0.8924706330423566,0.7901360094930994,0.6490502014281936,0.5012298395092458,0.37022951521631714,0.26806180599027524,0.19044943414856477,0.1336159210478668,0.09296396961956899,0.06432398276020691,0.04385135221154552,0.03015607262411166,0.020705095641156752,0.014201116710559814,0.009733396679442395,0.006592921730116867,0.004515249341370618,0.00309170439086197,1.0039150000000001,0.998119382741711,0.9925913707364091,0.9869877711674373,0.9812940475510812,0.9754928334980816,0.9695628434395903,0.9633888680708349,0.9571068315811178,0.9504809507729983,0.9435353031704903,0.9360362667755057,0.9279520512494157,0.9190683236026056,0.908544434136123,0.8960352005968252,0.8793933868217972,0.8550284285941904,0.8185920160398124,1.0149762206795303,0.7148459419429765,0.5014839271912748,0.3445922198493564,0.2352378762964893,0.15989393410923922,0.10711146229492942,0.07245669887686869,0.048953456626789356,0.033046961780745086,0.02229682851481567,0.014861591251897179,0.010021046406359788,0.006756043937728422,0.0045543506819482,0.003033834242590167,0.002044914815959822,0.0013783054227268496,0.0009400402158651754,0.6917850335717353,0.9999999988821611,0.050458542655266385
"22636_S","TPX2;HCA90","Q9ULW0",369.0,0.9451816666666666,0.8837316666666667,0.7876216666666668,0.6719916666666667,0.5646633333333333,0.23490166666666668,0.09837120000000002,0.04258700000000001,1.0038225,0.953165,0.9275800000000001,0.974985,0.8942825,0.8798625,0.8254175,0.689675,0.9766225000000001,0.5511175,0.3918575,0.262915,0.19830749999999997,0.08317725,0.0437445,0.0238675,0.8606816666666667,1.0476533333333333,1.645975,0.5276975,1.8308,0.47136500000000003,0.016775055933560223,0.013812324706445916,0.019043099053832443,0.01863526058657698,0.022011275864546903,0.009813323336536273,0.004074756938517928,0.0010931357595874765,0.007670226630452334,0.017785371388213025,0.008178018555860592,0.01919443088719574,0.029178063562018075,0.008820964935642439,0.014438695892029169,0.01309664627872341,0.009530043366244466,0.015289139715143127,0.011794029099329594,0.011567789060576787,0.007414732343730736,0.00534048888357845,0.0020030720208802618,0.0008172566533837458,0.015794341547130337,0.008479953266817422,0.01696721563044449,0.010684494874778435,0.02694076836320748,0.0069756083964052805,"MSQVKSSYSYDAPSDFINFSSLDDEGDTQNIDSWFEEKANLENKLLGKNGTGGLFQGKTPLRKANLQQAIVTPLKPVDNTYYKEAEKENLVEQSIPSNACSSLEVEAAISRKTPAQPQRRSLRLSAQKDLEQKEKHHVKMKAKRCATPVIIDEILPSKKMKVSNNKKKPEEEGSAHQDTAEKNASSPEKAKGRHTVPCMPPAKQKFLKSTEEQELEKSMKMQQEVVEMRKKNEEFKKLALAGIGQPVKKSVSQVTKSVDFHFRTDERIKQHPKNQEEYKEVNFTSELRKHPSSPARVTKGCTIVKPFNLSQGKKRTFDETVSTYVPLAQQVEDFHKRTPNRYHLRSKKDDINLLPSKSSVTKICRDPQTPVLQTKHRARAVTCKSTAELEAEELEKLQQYKFKARELDPRILEGGPILPKKPPVKPPTEPIGFDLEIEKRIQERESKKKTEDEHFEFHSRPCPTKILEDVVGVPEKKVLPITVPKSPAFALKNRIRMPTKEDEEEDEPVVIKAQPVPHYGVPFKPQIPEARTVEICPFSFDSRDKERQLQKEKKIKELQKGEVPKFKALPLPHFDTINLPEKKVKNVTQIEPFCLETDRRGALKAQTWKHQLEEELRQQKEAACFKARPNTVISQEPFVPKKEKKSVAEGLSGSLVQEPFQLATEKRAKERQELEKRMAEVEAQKAQQLEEARLQEEEQKKEELARLRRELVHKANPIRKYQGLEIKSSDQPLTVPVSPKFSTRFHC","LRSKKDDINLLPSKSSVTKICRDPQTPVLQTKHRAR","structural constituent of cytoskeleton(GO:0005198);microtubule binding(GO:0005200)","mitosis(GO:0009987);chromosome segregation(GO:0007049)","microtubule(GO:0032991);cytoskeleton(GO:0043234);intracellular(GO:0005874)",0.2083,0.0057,0.0011,0.9451816666666666,0.8952140818166641,0.7870318998086315,0.6433130161863657,0.4951915385426513,0.3650327789505586,0.26391198302676555,0.18732407344798424,0.13134465845822813,0.09135008017724307,0.06319363290675568,0.043089070030787324,0.02963046597774002,0.020344147628437833,0.01395390958618509,0.009564391316414227,0.006480844448876026,0.004438786270802015,0.00303956678340659,1.0038225,0.9878985842558582,0.9724503520857701,0.9571435354697259,0.9419639960604645,0.9268955202806004,0.9119189415081124,0.896930817536184,0.8820569573157249,0.8670883764594977,0.8520527246620813,0.8367526136179205,0.8211723797562585,0.8051416634579793,0.7879688936028231,0.7694040212038653,0.7477173717114739,0.7200647914705701,0.6830934258683551,0.9669827223718843,0.6805646404304915,0.4771502744005134,0.3278631856287181,0.2238524608122889,0.15219688000599205,0.1020241417014735,0.06904337855140501,0.046667889029286376,0.03151863911377887,0.02127583710519992,0.014192608077529761,0.009574693499351554,0.006458342384540751,0.004355851954108149,0.00290401530398606,0.0019584013996305706,0.0013206622170116402,0.0009008888224503527,0.9358435051550897,0.9999999992222155,0.03165953173053186
"2734_S","MAP7","Q14244",254.0,1.0816666666666668,0.8555740000000001,0.761868,0.5668759999999999,0.43329666666666666,0.13534600000000002,0.07104566666666666,0.18993,1.01587,1.02929,0.9805033333333334,0.9272725,0.8997533333333333,0.8660075,0.84432,0.5072099999999999,1.070865,0.9703499999999999,0.545435,0.32677500000000004,0.195485,0.097066,0.060761,0.21726,1.2975,0.90921,3.0132250000000003,0.4048575,2.59505,0.349325,0.021083937611015294,0.016911582930051225,0.0388514236135563,0.03555166647570828,0.022515945995540004,0.0028874409431190098,0.0027992394668181915,NaN,0.030509485478563317,0.008789692353357241,0.05874297048568008,0.04978830089216911,0.03346678624369961,0.008175103305922197,0.021277974625576245,4.9497474683029324e-5,0.04853838315790229,0.13301655389879527,0.12975762988163742,0.04441396821853083,0.01000909648769558,0.016895609429671367,NaN,NaN,0.015953184983291315,0.02016246333605539,0.08726277216688683,0.013879205274888763,0.2876863939257468,0.0021743533521486297,"MAELGAGGDGHRGGDGAVRSETAPDSYKVQDKKNASSRPASAISGQNNNHSGNKPDPPPVLRVDDRQRLARERREEREKQLAAREIVWLEREERARQHYEKHLEERKKRLEEQRQKEERRRAAVEEKRRQRLEEDKERHEAVVRRTMERSQKPKQKHNRWSWGGSLHGSPSIHSADPDRRSVSTMNLSKYVDPVISKRLSSSSATLLNSPDRARRLQLSPWESSVVNRLLTPTHSFLARSKSTAALSGEAASCSPIIMPYKAAHSRNSMDRPKLFVTPPEGSSRRRIIHGTASYKKERERENVLFLTSGTRRAVSPSNPKARQPARSRLWLPSKSLPHLPGTPRPTSSLPPGSVKAAPAQVRPPSPGNIRPVKREVKVEPEKKDPEKEPQKVANEPSLKGRAPLVKVEEATVEERTPAEPEVGPAAPAMAPAPASAPAPASAPAPAPVPTPAMVSAPSSTVNASASVKTSAGTTDPEEATRLLAEKRRLAREQREKEERERREQEELERQKREELAQRVAEERTTRREEESRRLEAEQAREKEEQLQRQAEERALREREEAERAQRQKEEEARVREEAERVRQEREKHFQREEQERLERKKRLEEIMKRTRRTEATDKKTSDQRNGDIAKGALTGGTEVSALPCTTNAPGNGKPVGSPHVVTSHQSKVTVESTPDLEKQPNENGVSVQNENFEEIINLPIGSKPSRLDVTNSESPEIPLNPILAFDDEGTLGPLPQVDGVQTQQTAEVI","LLTPTHSFLARSKSTAALSGEAASCSPIIMPYKAAH","_","cellular process(GO:0009987);cytoskeleton organization(GO:0071840)","cytoskeleton(GO:0043226);intracellular(GO:0005856)",0.2081,0.0099,0.0046,1.0816666666666668,1.0138219192348195,0.882093818386735,0.7136131235448505,0.5436968179950583,0.39671312645385765,0.28390500007314745,0.19947313995832341,0.13844754207531113,0.09531629498520365,0.06527083482307061,0.044056156963235275,0.029989421306886106,0.020382613092440202,0.01383908738147236,0.009389886686672852,0.006298409148137,0.0042702695466423505,0.002894640342866309,1.01587,0.9893141165556402,0.963673283527401,0.9385988833058884,0.9140667220289876,0.8900513600807815,0.8665253651416098,0.8433830450839815,0.8207360096612636,0.7983830827375723,0.776346663866091,0.754445410164237,0.7326674200022559,0.7108648393558169,0.6884410566909095,0.6652058331161366,0.6397126751735103,0.6096333832757275,0.5723124789908085,1.0603050979596411,0.7386895458782053,0.5126604151302399,0.34870461579112044,0.23567852292498995,0.15862028642506154,0.10525837893328967,0.07051354546451506,0.04718087220033792,0.03154371868529032,0.021078025982329454,0.013919007644804166,0.009295420388099856,0.006206737469093969,0.0041439415373237965,0.002734906188892282,0.0018257591656246166,0.0012187981592191974,0.000823009222820947,0.9999999779175295,0.9999999892343496,0.08107467500392973
"21483_S","SKA3","Q8IX90",384.0,1.0242179999999999,0.9235500000000001,0.8157439999999999,0.6852233333333334,0.5355360000000001,0.17883,NaN,NaN,1.00925,1.0277725,1.01631,1.0571549999999998,0.962995,0.957255,0.86366,0.649605,0.9901625000000001,0.6991566666666666,0.577805,0.21971,NaN,NaN,NaN,NaN,0.9105483333333333,1.095125,1.5615666666666668,0.6133799999999999,1.9768,0.494765,0.02419619029516838,0.0034968497727716746,0.0379343365461952,0.04882445565872057,0.03304338413661652,0.030935921676911452,NaN,NaN,0.07574569962123996,0.030738527356763523,0.07346132349747045,0.06126726705590839,0.032903774194611775,0.03261185217192262,0.015497238463674734,0.016210422958701582,0.0210601850236214,0.060464289032024075,0.10044098273364314,NaN,NaN,NaN,NaN,NaN,0.012887053340321688,0.022144030186862257,0.02039025729588995,0.013540758533651899,NaN,0.019562109101525813,"MDPIRSFCGKLRSLASTLDCETARLQRALDGEESDFEDYPMRILYDLHSEVQTLKDDVNILLDKARLENQEGIDFIKATKVLMEKNSMDIMKIREYFQKYGYSPRVKKNSVHEQEAINSDPELSNCENFQKTDVKDDLSDPPVASSCISEKSPRSPQLSDFGLERYIVSQVLPNPPQAVNNYKEEPVIVTPPTKQSLVKVLKTPKCALKMDDFECVTPKLEHFGISEYTMCLNEDYTMGLKNARNNKSEEAIDTESRLNDNVFATPSPIIQQLEKSDAEYTNSPLVPTFCTPGLKIPSTKNSIALVSTNYPLSKTNSSSNDLEVEDRTSLVLNSDTCFENLTDPSSPTISSYENLLRTPTPPEVTKIPEDILQLLSKYNSNLATPIAIKAVPPSKRFLKHGQNIRDVSNKEN","PTPPEVTKIPEDILQLLSKYNSNLATPIAIKAVPPS","_","_","_",0.2072,0.0048,0.0013,1.0242179999999999,0.972462957774278,0.8573898950577382,0.7030970706213268,0.5431387763525444,0.40189568400222697,0.29169500735079623,0.20787109113936036,0.14634288283955477,0.10219870954852066,0.07099036456723389,0.04860891449690192,0.03356530368141198,0.023141869261266823,0.01593910851277576,0.010970747066608806,0.007465304787615443,0.005134434989802808,0.0035306368080566227,1.00925,0.9954864418106527,0.9821346929334062,0.9688611751273163,0.9556523466475513,0.942492441311018,0.9293625540498757,0.9161579789174379,0.903006516091569,0.8896954175986255,0.8762520719943961,0.8624733887791962,0.848341176295355,0.8336777485274365,0.8177657354571023,0.8003380231307203,0.7795904715325213,0.7525433709398294,0.7156578369158899,0.980440433175873,0.692822447259522,0.4877155577445123,0.33651865675401965,0.23072680114605257,0.15753289006442334,0.10605477316313203,0.07207577418732923,0.0489247044526681,0.033183494327440256,0.022495058945645217,0.015070777972633028,0.01021046489824802,0.00691654532050444,0.004684778169135915,0.003136816567044412,0.002124417899190109,0.0014387259616464884,0.0009855513648580473,0.9999999952052838,0.8814684138391181,0.05792973852503182
"18543_S","MACF1","H3BPE1",7343.0,0.9069175,0.7426839999999999,0.7282299999999999,0.6593516666666667,0.467605,0.210505,0.22916,0.11443,0.9176625,0.8450525,0.8080666666666666,1.0128933333333332,0.8236025,0.6198100000000001,0.5900366666666667,0.48268750000000005,0.911395,0.50397,0.318795,0.27592,NaN,NaN,NaN,NaN,0.9716899999999999,0.9960316666666668,1.389525,0.5486533333333333,1.33385,0.5716399999999999,0.028831439825229562,0.023083399169099857,0.03020843342512154,0.03205382522529993,0.015628999354831814,0.011671917598092727,NaN,NaN,0.014042174626074355,0.005757231819995326,0.047095742474869834,0.0622545530983998,0.03821558426518123,0.031791782131725656,0.024567264654262833,0.03359307148151982,0.022071937452717353,0.014497134630677883,0.01857923067567653,NaN,NaN,NaN,NaN,NaN,0.03508026195977827,0.03176352781653593,0.05125491185811691,0.006359190491226349,0.0733623285481043,0.06183648801476356,"MPLLDSSYLPPTIFILTHVLGVAGVLYWKRHARGRADERDRVQKKTFTKWVNKHLMKVRKHINDLYEDLRDGHNLISLLEVLSGIKLEPAGLKTLRLVSMPSWCHTNNEEQAEEDDDDVPREKGRMRFHRLQNVQIALDFLKQRQVKLVNIRNDDITDGNPKLTLGLIWTIILHFQISDIYISGESGDMSAKEKLLLWTQKVTAGYTGIKCTNFSSCWSDGKMFNALIHRYRPDLVDMERVQIQSNRENLEQAFEVAERLGVTRLLDAEDVDVPSPDEKSVITYVSSIYDAFPKVPEGGEGISATEVDSRWQEYQSRVDSLIPWIKQHTILMSDKTFPQNPVELKALYNQYIHFKETEILAKEREKGRIEELYKLLEVWIEFGRIKLPQGYHPNDVEEEWGKLIIEMLEREKSLRPAVERLELLLQIANKIQNGALNCEEKLTLAKNTLQADAAHLESGQPVQCESDVIMYIQECEGLIRQLQVDLQILRDENYYQLEELAFRVMRLQDELVTLRLECTNLYRKGHFTSLELVPPSTLTTTHLKAEPLTKATHSSSTSWFRKPMTRAELVAISSSEDEGNLRFVYELLSWVEEMQMKLERAEWGNDLPSVELQLETQQHIHTSVEELGSSVKEARLYEGKMSQNFHTSYAETLGKLETQYCKLKETSSFRMRHLQSLHKFVSRATAELIWLNEKEEEELAYDWSDNNSNISAKRNYFSELTMELEEKQDVFRSLQDTAELLSLENHPAKQTVEAYSAAVQSQLQWMKQLCLCVEQHVKENTAYFQFFSDARELESFLRNLQDSIKRKYSCDHNTSLSRLEDLLQDSMDEKEQLIQSKSSVASLVGRSKTIVQLKPRSPDHVLKNTISVKAVCDYRQIEITICKNDECVLEDNSQRTKWKVISPTGNEAMVPSVCFLIPPPNKDAIEMASRVEQSYQKVMALWHQLHVNTKSLISWNYLRKDLDLVQTWNLEKLRSSAPGECHQIMKNLQAHYEDFLQDSRDSVLFSVADRLRLEEEVEACKARFQHLMKSMENEDKEETVAKMYISELKNIRLRLEEYEQRVVKRIQSLASSRTDRDAWQDNALRIAEQEHTQEDLQQLRSDLDAVSMKCDSFLHQSPSSSSVPTLRSELNLLVEKMDHVYGLSTVYLNKLKTVDVIVRSIQDAELLVKGYEIKLSQEEVVLADLSALEAHWSTLRHWLSDVKDKNSVFSVLDEEIAKAKVVAEQMSRLTPERNLDLERYQEKGSQLQERWHRVIAQLEIRQSELESIQEVLGDYRACHGTLIKWIEETTAQQEMMKPGQAEDSRVLSEQLSQQTALFAEIERNQTKLDQCQKFSQQYSTIVKDYELQLMTYKAFVESQQKSPGKRRRMLSSSDAITQEFMDLRTRYTALVTLTTQHVKYISDALRRLEEEEKVVEEEKQEHVEKVKELLGWVSTLARNTQGKATSSETKESTDIEKAILEQQVLSEELTTKKEQVSEAIKTSQIFLAKHGHKLSEKEKKQISEQLNALNKAYHDLCDGSANQLQQLQSQLAHQTEQKECRAVAGVIDLGTVEIFPIFKAMQKGLLDQDTGLVLLESQVIMSGLIAPETGENLSLEEGIARNLINPQMYQQLRELQDALALISRLTESRGPLSVVEAIEKRIISETVGLKILEAHLATGGFSLSPSENCINLEEAFHQGLISAWLHSVLESYLRTSKNLIDPNTAEKIGLLDLMQRCIVHQESGFKLLPVKQLAGGMVSLKSGRKVSIFRAVQEGLIDRQVTVRLLEAQLFAGGIVDPRTGHRLTVEEAVRHNLIDQDMACAILIRQLQTGGIIDTVTGQRLTIDEAVSNDLVAAKIALVILESLWSFMGLLWPESGEILPITDALEQGIVSTELAHKILSNRQHIKALFLPATTEILSWKKAIESGILDRDLANNLKSICIPDVMPHMQLADSAEQNINPGAAVLPCSKSHPKATASQSENLLFQLMTHSYINVQNGQRLLLLDKELMETLTSRDEYQTSPPKVVEIGHQRQKTPEGLQESANVKISGTFSSGWTVRLPEFQFSSQNKEYPDREDCTTEKGKKTTVETEDSSVENPEQDLFVEQKERNPNIDALKVINKVKLEVQRQLIGTQREDQTAVSVRENASRGHLLTIPPAEAEGVPLVVDKDVFSVETPKKEHQPLRNTSFTCQNEQAHTLETEYIHDETGGSHIKPQSKKLQVQVKKTLGIKLELKSETDGNVHPLDKKEMLKKTFLAKDDHKESQEAQNIAGGSMMMSEKTDEEDSGREIFLSCSHPLELLEEATLNVLSAQLLDGGIFHEQTGQKLLLNEAISRGIVPSHTAVKLMEKLNMFQGFFDSQTCESLTTEEVINEGLMDEKLLHNVLMADKAISGVLDPRTQTLCSVKDAVTVGLLDKETATRILERQVVTGGIIDLKRGKKVSVTLASTLGLVDVADQPELINLEKASKGRDAEKTVRERLISLQMETTGLIDPDSKAPLTVVQSIDRGLLEREEAVRLLTKQVVDGGIIHHISGMRLSVDNAFRHGLIGEDLAEKLKRVENLNIHQIFNPETKENISLPKAIKLDLITSDLKREIQEVQAFTGNFVDLISGQRLTLAEAKKEGLLTNEAVLSPGMMHGIVDPENCRIVPYSELVKKCKIDIESGQRYLEVIPFSDIKDGVSDKVLTLSQAIQLGKVDFASTLKVLEAQANTGGIIDTATGKRLTLASALEEKLVDENMVRIIASHQVLNGGIVDIFSDQRVTLVEAIEKRLISPELANMIQIDSSEFSDHRAQIEKQEGIEVCALQNEFLGKDMLIACNQTAEMSCNKVEESERLFQVENQSAQEKVKVRVSDGEQAKKSREISLKEFGCKDQRKPRMSSDAKEFISIINPHNLKGKSLGQVSLTHPYSECDFKLKEVARNNMGNDTNEEQEKAVTKIEIISHMKQSTSCLDSEEIRENQGEVILEVQETYCETSGKLPSEQVLQQPMNARVKSKREKREVIVEESIRTCKPAFLSEEKLYQETAIRDEHDSHIKSQPREMTSSEKGKEADTEMGFSITFKIEESSSQVVPQGISVKHLDALTLFSSKQANEGKVNNLSLCLTLKPEENLSREIACGAQSEPFPCMTPRPEGLHYQESDGKAQVTGPSQISKTDKSFQGTTRQETNYQDSWVTSKTKETKHQISSSNECKEKSYQEVSFDPARGLKLEEITVSRPDSKEVRYLEFSDRKDLHHQGSKSDDKLCGTLKSEIATQELTGEKFLEMANPNVAGLEAGSIEDIVTQRGSRVLGSFLPEKLFKGVSQKENTGQQNAIISPTVLETSEEKTVSLTVCSAVKTEKTPQEKLRESPGSEQTPFMTAPEGKGNGGVNPEPFRATQNVFTRQLCLEHDEKLVSYLSLLRNIEMRTKQIQPLELNLAELQDLLCQAKVLERELKDLTTLVSQELECVNQIIISQPQEVPAQLLKALEKDAKNLQKSLSSVSDTWNSRLLHFQNAVEIEKTKVLNQHTQLEGRLQDLRAWVGNKNLILNSKGSNSEIDVDSLNLCLQQYEDLKQPMAERKAQLDALAFDIQFFISEHAQDLSPQQNRQMLRLLNELQRSFQDILEQTAAQVDALQGHLQQMEQEALVKTLQKQQNTCHQQLEDLCSWVGQAERALAGHQGRTTQQDLSALQKNQSDLKDLQDDIQNRATSFATVVKDIEGFMEENQTKLSPRELTALREKLHQAKEQYEALQEETRVAQKELEEAVTSALQQETEKSKAAKELAENKKKIDALLDWVTSVGSSGGQLLTNLPGMEQLSGASLEKGALDTTDGYMGVNQAPEKLDKQCEMMKARHQELLSQQQNFILATQSAQAFLDQHGHNLTPEEQQMLQQKLGELKEQYSTSLAQSEAELKQVQTLQDELQKFLQDHKEFESWLERSEKELENMHKGGSSPETLPSLLKRQGSFSEDVISHKGDLRFVTISGQKVLDMENSFKEGKEPSEIGNLVKDKLKDATERYTALHSKCTRLGSHLNMLLGQYHQFQNSADSLQAWMQACEANVEKLLSDTVASDPGVLQEQLATTKQLQEELAEHQVPVEKLQKVARDIMEIEGEPAPDHRHVQETTDSILSHFQSLSYSLAERSSLLQKAIAQSQSVQESLESLLQSIGEVEQNLEGKQVSSLSSGVIQEALATNMKLKQDIARQKSSLEATREMVTRFMETADSTTAAVLQGKLAEVSQRFEQLCLQQQEKESSLKKLLPQAEMFEHLSGKLQQFMENKSRMLASGNQPDQDITHFFQQIQELNLEMEDQQENLDTLEHLVTELSSCGFALDLCQHQDRVQNLRKDFTELQKTVKEREKDASSCQEQLDEFRKLVRTFQKWLKETEGSIPPTETSMSAKELEKQIEHLKSLLDDWASKGTLVEEINCKGTSLENLIMEITAPDSQGKTGSILPSVGSSVGSVNGYHTCKDLTEIQCDMSDVNLKYEKLGGVLHERQESLQAILNRMEEVHKEANSVLQWLESKEEVLKSMDAMSSPTKTETVKAQAESNKAFLAELEQNSPKIQKVKEALAGLLVTYPNSQEAENWKKIQEELNSRWERATEVTVARQRQLEESASHLACFQAAESQLRPWLMEKELMMGVLGPLSIDPNMLNAQKQQVQFMLKEFEARRQQHEQLNEAAQGILTGPGDVSLSTSQVQKELQSINQKWVELTDKLNSRSSQIDQAIVKSTQYQELLQDLSEKVRAVGQRLSVQSAISTQPEAVKQQLEETSEIRSDLEQLDHEVKEAQTLCDELSVLIGEQYLKDELKKRLETVALPLQGLEDLAADRINRLQAALASTQQFQQMFDELRTWLDDKQSQQAKNCPISAKLERLQSQLQENEEFQKSLNQHSGSYEVIVAEGESLLLSVPPGEEKRTLQNQLVELKNHWEELSKKTADRQSRLKDCMQKAQKYQWHVEDLVPWIEDCKAKMSELRVTLDPVQLESSLLRSKAMLNEVEKRRSLLEILNSAADILINSSEADEDGIRDEKAGINQNMDAVTEELQAKTGSLEEMTQRLREFQESFKNIEKKVEGAKHQLEIFDALGSQACSNKNLEKLRAQQEVLQALEPQVDYLRNFTQGLVEDAPDGSDASQLLHQAEVAQQEFLEVKQRVNSGCVMMENKLEGIGQFHCRVREMFSQLADLDDELDGMGAIGRDTDSLQSQIEDVRLFLNKIHVLKLDIEASEAECRHMLEEEGTLDLLGLKRELEALNKQCGKLTERGKARQEQLELTLGRVEDFYRKLKGLNDATTAAEEAEALQWVVGTEVEIINQQLADFKMFQKEQVDPLQMKLQQVNGLGQGLIQSAGKDCDVQGLEHDMEEINARWNTLNKKVAQRIAQLQEALLHCGKFQDALEPLLSWLADTEELIANQKPPSAEYKVVKAQIQEQKLLQRLLDDRKATVDMLQAEGGRIAQSAELADREKITGQLESLESRWTELLSKAAARQKQLEDILVLAKQFHETAEPISDFLSVTEKKLANSEPVGTQTAKIQQQIIRHKALEEDIENHATDVHQAVKIGQSLSSLTSPAEQGVLSEKIDSLQARYSEIQDRCCRKAALLDQALSNARLFGEDEVEVLNWLAEVEDKLSSVFVKDFKQDVLHRQHADHLALNEEIVNRKKNVDQAIKNGQALLKQTTGEEVLLIQEKLDGIKTRYADITVTSSKALRTLEQARQLATKFQSTYEELTGWLREVEEELATSGGQSPTGEQIPQFQQRQKELKKEVMEHRLVLDTVNEVSRALLELVPWRAREGLDKLVSDANEQYKLVSDTIGQRVDEIDAAIQRSQQYEQAADAELAWVAETKRKLMALGPIRLEQDQTTAQLQVQKAFSIDIIRHKDSMDELFSHRSEIFGTCGEEQKTVLQEKTESLIQQYEAISLLNSERYARLERAQVLVNQFWETYEELSPWIEETRALIAQLPSPAIDHEQLRQQQEEMRQLRESIAEHKPHIDKLLKIGPQLKELNPEEGEMVEEKYQKAENMYAQIKEEVRQRALALDEAVSQSTQFHDKIEPMLETLENLSSRLRMPPLIPAEVDKIRECISDNKSATVELEKLQPSFEALKRRGEELIGRSQGADKDLAAKEIQDKLDQMVFFWEDIKARAEEREIKFLDVLELAEKFWYDMAALLTTIKDTQDIVHDLESPGIDPSIIKQQVEAAETIKEETDGLHEELEFIRILGADLIFACGETEKPEVRKSIDEMNNAWENLNKTWKERLEKLEDAMQAAVQYQDTLQAMFDWLDNTVIKLCTMPPVGTDLNTVKDQLNEMKEFKVEVYQQQIEMEKLNHQGELMLKKATDETDRDIIREPLTELKHLWENLGEKIAHRQHKLEGALLALGQFQHALEELMSWLTHTEELLDAQRPISGDPKVIEVELAKHHVLKNDVLAHQATVETVNKAGNELLESSAGDDASSLRSRLEAMNQCWESVLQKTEEREQQLQSTLQQAQGFHSEIEDFLLELTRMESQLSASKPTGGLPETAREQLDTHMELYSQLKAKEETYNQLLDKGRLMLLSRDDSGSGSKTEQSVALLEQKWHVVSSKMEERKSKLEEALNLATEFQNSLQEFINWLTLAEQSLNIASPPSLILNTVLSQIEEHKVFANEVNAHRDQIIELDQTGNQLKFLSQKQDVVLIKNLLVSVQSRWEKVVQRSIERGRSLDDARKRAKQFHEAWKKLIDWLEDAESHLDSELEISNDPDKIKLQLSKHKEFQKTLGGKQPVYDTTIRTGRALKEKTLLPEDSQKLDNFLGEVRDKWDTVCGKSVERQHKLEEALLFSGQFMDALQALVDWLYKVEPQLAEDQPVHGDLDLVMNLMDAHKVFQKELGKRTGTVQVLKRSGRELIENSRDDTTWVKGQLQELSTRWDTVCKLSVSKQSRLEQALKQAEVFRDTVHMLLEWLSEAEQTLRFRGALPDDTEALQSLIDTHKEFMKKVEEKRVDVNSAVAMGEVILAVCHPDCITTIKHWITIIRARFEEVLTWAKQHQQRLETALSELVANAELLEELLAWIQWAETTLIQRDQEPIPQNIDRVKALIAEHQTFMEEMTRKQPDVDRVTKTYKRKNIEPTHAPFIEKSRSGGRKSLSQPTPPPMPILSQSEAKNPRINQLSARWQQVWLLALERQRKLNDALDRLEELKEFANFDFDVWRKKYMRWMNHKKSRVMDFFRRIDKDQDGKITRQEFIDGILASKFPTTKLEMTAVADIFDRDGDGYIDYYEFVAALHPNKDAYRPTTDADKIEDEVTRQVAQCKCAKRFQVEQIGENKYRFFLGNQFGDSQQLRLVRILRSTVMVRVGGGWMALDEFLVKNDPCRVHHPGSKIKRSDSSSSISSQSPIARGRTNIELREKFILPEGASQGMTPFRSRGRRSKPSSRAASPTRSSSSASQSNHSCTSMPSSPATPASGTKTSLQFSRCYDKPWLVNSKAGTPIRDSHSPDLQLPTPEVIPSSGSKLKRPTPTFHSSRTSLAGDTSNSSSPASTGAKTNRADPKKSASRPGSRAGSRAGSRASSRRGSDASDFDLLETQSACSDTSESSAAGGQGNSRRGLNKPSKIPTMSKKTTTASPRTPGPKR","PIARGRTNIELREKFILPEGASQGMTPFRSRGRRSK","structural constituent of cytoskeleton(GO:0005198);actin binding(GO:0005200)","cellular process(GO:0009987);cellular component morphogenesis(GO:0032502);cellular component organization(GO:0009653)","actin cytoskeleton(GO:0043226);intracellular(GO:0005856)",0.206,0.0125,0.0044,0.9069175,0.8448673268260751,0.7311731276544315,0.5887973028850967,0.4468072745334909,0.32485528077993714,0.23169748517671054,0.16227372336964146,0.11228406212362027,0.0770734177606934,0.05262410752841543,0.03542122001263235,0.024042478869133452,0.016294161977021104,0.011031767834374144,0.007463911486701137,0.004992933068616356,0.003375607524817509,0.002281728192092261,0.9176625,0.887899398629158,0.8592965663875682,0.8315290965550187,0.8045629018649195,0.7783635214198164,0.7528955022745789,0.728057269843756,0.7039342153034134,0.680345545425955,0.6573023629112913,0.6346457165274255,0.6123608254285471,0.5903214533807123,0.568037994686693,0.545363109248041,0.5211401588888276,0.4935350653091193,0.46049823078942065,0.9024978968211415,0.6268013728211699,0.433677801628063,0.29413907545895573,0.19824423279251072,0.13305868095972037,0.08806575436586654,0.05883656058046536,0.03926180898213571,0.026178836661310007,0.017446279248947438,0.011491281015743673,0.007653625808699541,0.005096831240152016,0.0033938264558067664,0.0022341290256590336,0.0014874724677946454,0.000990323293443009,0.0006668672100466114,0.999999938604345,0.999999998993901,0.04535599675852267
"22087_S","NUSAP1","Q9BXS6",244.0,0.9241816666666667,0.713565,0.6480833333333335,0.5397266666666667,0.470995,0.18909533333333337,0.1451485,0.078606,0.9422775,0.7861475,0.7120375,0.737115,0.6486025,0.658545,0.46250250000000004,0.44704499999999997,0.7788900000000001,0.44886,0.2392225,0.239823,0.158853,0.16648,NaN,NaN,0.8378300000000002,0.9284666666666666,1.26875,0.61191,1.32465,0.6209,0.012429388356126274,0.025150780322553284,0.03270206712234066,0.03151502080431324,0.04106995712940435,0.02189224266204982,0.016856805492021117,0.033569187330050154,0.020142401521727738,0.01470760565362357,0.01791349902715361,0.03904573773687298,0.019099300529840532,0.023494648459808892,0.03699008410906677,0.07513689679788929,0.000650538238691607,0.05503218085054113,0.042720984567257266,0.1111550646821817,0.049422316932737985,NaN,NaN,NaN,0.011602903611692304,0.020461497682413367,0.023917832433841768,0.0424971175493115,0.04465379323193042,0.011737972567696691,"MIIPSLEELDSLKYSDLQNLAKSLGLRANLRATKLLKALKGYIKHEARKGNENQDESQTSASSCDETEIQISNQEEAERQPLGHVTKTRRRCKTVRVDPDSQQNHSEIKISNPTEFQNHEKQESQDLRATAKVPSPPDEHQEAENAVSSGNRDSKVPSEGKKSLYTDESSKPGKNKRTAITTPNFKKLHEAHFKEMESIDQYIERKKKHFEEHNSMNELKQQPINKGGVRTPVPPRGRLSVASTPISQRRSQGRSCGPASQSTLGLKGSLKRSAISAAKTGVRFSAATKDNEHKRSLTKTPARKSAHVTVSGGTPKGEAVLGTHKLKTITGNSAAVITPFKLTTEATQTPVSNKKPVFDLKASLSRPLNYEPHKGKLKPWGQSKENNYLNQHVNRINFYKKTYKQPHLQTKEEQRKKREQERKEKKAKVLGMRRGLILAED","LKQQPINKGGVRTPVPPRGRLSVASTPISQRRSQGR","_","_","_",0.2052,0.0215,0.0044,0.9241816666666667,0.8419247597072738,0.712728978662974,0.5615790989133157,0.4170675945998181,0.29681743302150454,0.2072365900395887,0.14209201060119264,0.09625788841511393,0.06468939903142984,0.043244659615030524,0.028500637789816968,0.018940851798333817,0.012568517853527077,0.008331642610009913,0.005519333213983481,0.003615177674473819,0.00239310484394816,0.0015838348417290765,0.9422775,0.8914374501354999,0.8435310711980956,0.7981169374303787,0.7550580648541472,0.714223811338795,0.6754890756951664,0.6386772073549493,0.6037823971927294,0.5705728100539794,0.5389897453056965,0.5088402896959485,0.4800577591079712,0.4524932963446987,0.4257371365880075,0.399663309348744,0.37343529170584716,0.3458169634382567,0.31553589241176677,0.771315804533281,0.524452861979513,0.3552553251664918,0.23591557234952684,0.1556845664287658,0.10231430009657791,0.06630891392877349,0.04337785102852487,0.028343205834231396,0.018504964212943602,0.012075381229411212,0.007788366069022332,0.005079327857452495,0.0033120786440191145,0.0021594917646364847,0.0013920377448054845,0.0009075141814897346,0.0005916205512879069,0.00039007510310336204,0.999999999999936,0.40482349174179844,0.039553936311810985
"14122_S","MYBBP1A","Q9BQG0",1314.0,0.9867750000000001,0.8260133333333334,0.7287983333333333,0.5885783333333333,0.48840333333333336,0.25727333333333335,0.1575494,0.11698283333333333,0.97194,0.9872275,0.91196,0.93446,0.9693824999999999,0.8997925,0.8741325000000001,0.7180575,0.870525,0.5917575,0.3657475,0.318345,0.2372275,0.147265,0.11094000000000001,0.05729,0.9157533333333334,0.9999300000000001,3.42975,0.2661525,4.3816500000000005,0.222615,0.0149605514882752,0.02077455071493502,0.022425769958704666,0.02373625813945751,0.03100530326800144,0.0171301402558527,0.007650990398111868,0.013262813769004539,0.05151436353096096,0.04860481917871759,0.015392287300246612,0.021762850226934905,0.037705128871668984,0.026834972235793963,0.03163301192155383,0.0343939697582173,0.003980363519830817,0.02588430584471023,0.015540224603562415,0.01745738054281531,0.009213974751928002,0.025473521792245376,0.012126881297349294,NaN,0.03605629411330545,0.019675850567524533,0.07001360135716485,0.008372416361431548,0.20028799577108974,0.0010429825022501605,"MESRDPAQPMSPGEATQSGARPADRYGLLKHSREFLDFFWDIAKPEQETRLAATEKLLEYLRGRPKGSEMKYALKRLITGLGVGRETARPCYSLALAQLLQSFEDLPLCSILQQIQEKYDLHQVKKAMLRPALFANLFGVLALFQSGRLVKDQEALMKSVKLLQALAQYQNHLQEQPRKALVDILSEVSKATLQEILPEVLKADLNIILSSPEQLELFLLAQQKVPSKLKKLVGSVNLFSDENVPRLVNVLKMAASSVKKDRKLPAIALDLLRLALKEDKFPRFWKEVVEQGLLKMQFWPASYLCFRLLGAALPLLTKEQLHLVMQGDVIRHYGEHVCTAKLPKQFKFAPEMDDYVGTFLEGCQDDPERQLAVLVAFSSVTNQGLPVTPTFWRVVRFLSPPALQGYVAWLRAMFLQPDLDSLVDFSTNNQKKAQDSSLHMPERAVFRLRKWIIFRLVSIVDSLHLEMEEALTEQVARFCLFHSFFVTKKPTSQIPETKHPFSFPLENQAREAVSSAFFSLLQTLSTQFKQAPGQTQGGQPWTYHLVQFADLLLNHSHNVTTVTPFTAQQRQAWDRMLQTLKELEAHSAEARAAAFQHLLLLVGIHLLKSPAESCDLLGDIQTCIRKSLGEKPRRSRTKTIDPQEPPWVEVLVEILLALLAQPSHLMRQVARSVFGHICSHLTPRALQLILDVLNPETSEDENDRVVVTDDSDERRLKGAEDKSEEGEDNRSSESEEESEGEESEEEERDGDVDQGFREQLMTVLQAGKALGGEDSENEEELGDEAMMALDQSLASLFAEQKLRIQARRDEKNKLQKEKALRRDFQIRVLDLVEVLVTKQPENALVLELLEPLLSIIRRSLRSSSSKQEQDLLHKTARIFTHHLCRARRYCHDLGERAGALHAQVERLVQQAGRQPDSPTALYHFNASLYLLRVLKGNTAEGCVHETQEKQKAGTDPSHMPTGPQAASCLDLNLVTRVYSTALSSFLTKRNSPLTVPMFLSLFSRHPVLCQSLLPILVQHITGPVRPRHQACLLLQKTLSMREVRSCFEDPEWKQLMGQVLAKVTENLRVLGEAQTKAQHQQALSSLELLNVLFRTCKHEKLTLDLTVLLGVLQGQQQSLQQGAHSTGSSRLHDLYWQAMKTLGVQRPKLEKKDAKEIPSATQSPISKKRKKKGFLPETKKRKKRKSEDGTPAEDGTPAATGGSQPPSMGRKKRNRTKAKVPAQANGTPTTKSPAPGAPTRSPSTPAKSPKLQKKNQKPSQVNGAPGSPTEPAGQKQHQKALPKKGVLGKSPLSALARKKARLSLVIRSPSLLQSGAKKKAQVRKAGKP","KSPLSALARKKARLSLVIRSPSLLQSGAKKKAQVRK","sequence-specific DNA binding transcription factor activity(GO:0001071);DNA-directed DNA polymerase activity(GO:0003700);sequence-specific DNA binding transcription factor activity(GO:0003824)","DNA replication(GO:0008152);transcription from RNA polymerase II promoter(GO:0044238);mRNA transcription(GO:0006139);mRNA transcription(GO:0006259);cell cycle(GO:0006260)","_",0.1956,0.0038,0.0025,0.9867750000000001,0.9413551598620028,0.8373650500121004,0.6956159479263898,0.5461791805514268,0.41176960257471146,0.30482885962589285,0.2217953486409206,0.15953545697658086,0.11388183495074015,0.08088383858197241,0.05667359675173963,0.040027009095643405,0.028229034965445442,0.019889387998478246,0.014004571288437347,0.009755176092235945,0.006863960301146955,0.004828746714450354,0.97194,0.9611781214976717,0.9507402065685673,0.9403232460402506,0.9299150570869977,0.9195012797156176,0.9090645037944751,0.8985076980659507,0.8879486334136489,0.8771893648774391,0.8662539322363345,0.8549509464805513,0.8432604061792629,0.8310119652081988,0.8175239770621404,0.8025327634952508,0.7843112171559556,0.7599865943478623,0.7260988086096373,0.862453909127149,0.6225482729590696,0.4477615602556143,0.31601350606597417,0.2216996479951851,0.15492100708873766,0.10682765727525335,0.07432375992116792,0.05165121723226552,0.03586805067801725,0.024895388948979365,0.017088345580947805,0.01185414598251791,0.008222011732109695,0.005702226512764054,0.0039119296144044385,0.0027127587407468436,0.0018811322178667656,0.0013185987871339078,0.9999999969181673,0.46981778846533534,0.055416045654715106
"2750_S","CKAP2","Q8WWK9",602.0,1.0436166666666666,0.868648,0.669824,0.5957399999999999,0.408926,0.19949,NaN,NaN,1.093075,0.8906025,0.7241933333333334,0.71596,0.6637533333333333,0.46505,0.35861,0.21664,0.95147,0.5513933333333333,0.41819249999999997,0.22874333333333333,0.24449500000000002,NaN,NaN,NaN,0.9988083333333333,1.123454,1.0177925,0.961925,1.116,0.79265,0.018186507259402403,0.014354756312804478,0.024049780606067904,0.021964673774039985,0.010098968719626771,NaN,NaN,NaN,0.038786817858433985,0.008226219356170454,0.021742494575608628,0.014456937204447323,0.013658640868343017,0.032429603930839344,0.04834489062972427,0.008966113985445421,0.010831985236634459,0.02603328474885209,0.016369208183736318,0.010984842755832712,0.02991415237809689,NaN,NaN,NaN,0.021509739381051104,0.02075978042273088,0.02126761557852297,0.03003347982529942,0.002757716446627467,NaN,"MSTPAVPQDLQLPPSQRAQSAFKEQRRQKLKEHLLRRKTLFAYKQENEMLSSSRDQRVVTSEDQVQEGTKVLKLKTKMADKENMKRPAESKNNTVVGKHCIPLKPSNELTNSTVVIDTHKPKDSNQTPHLLLTEDDPQSQHMTLSQAFHLKNNSKKKQMTTEKQKQDANMPKKPVLGSYRGQIVQSKINSFRKPLQVKDESSAATKKLSATIPKATKPQPVNTSSVTVKSNRSSNMTATTKFVSTTSQNTQLVRPPIRSHHSNTRDTVKQGISRTSANVTIRKGPHEKELLQSKTALSSVKTSSSQGIIRNKTLSRSIASEVIARPASLSNDKLMEKSEPVDQRRHTAGKAIVDSRSAQPKETSEERKARLSEWKAGKGRVLKRPPNSVVTQHEPAGQNEKPVGSFWTTMAEEDEQRLFTEKVNNTFSECLNLINEGCPKEDILVTLNDLIKNIPDAKKLVKYWICLALIEPITSPIENIIAIYEKAILAGAQPIEEMRHTIVDILTMKSQEKANLGENMEKSCASKEEVKEVSIEDTGVDVDPEKLEMESKLHRNLLFQDCEKEQDNKTKDPTHDVKTPNTETRTSCLIKYNVSTTPYLQSVKKKVQFDGTNSAFKELKFLTPVRRSRRLQEKTSKLPDMLKDHYPCVSSLEQLTELGRETDAFVCRPNAALCRVYYEADTT","VKTPNTETRTSCLIKYNVSTTPYLQSVKKKVQFDGT","_","_","_",0.1692,0.0454,0.0018,1.0436166666666666,0.9018098835675772,0.7335242792402404,0.5623631511386636,0.41061556262261995,0.2894604397334431,0.20086038214642188,0.1373114999339052,0.09293978851722584,0.062493567224908626,0.04183835375314764,0.027683456909269964,0.018443923012429517,0.012272746615723888,0.008159603989427585,0.005421966012193133,0.003569385635233089,0.002370358873891618,0.0015738579933468858,1.093075,0.9744140897819411,0.868796541417305,0.7745611307590841,0.6904794402976056,0.6154552130736541,0.548509891308954,0.48873424337132276,0.435419880966117,0.3877973884577321,0.3452777483570161,0.30726348707894974,0.2732845199736328,0.24288168712323135,0.21553793003232077,0.19091820599443632,0.1684595933196652,0.14754907395726025,0.12766638724754123,0.9438342763697346,0.6407904706122233,0.433694572318606,0.2887658001318109,0.191275302682063,0.12626684597806223,0.08239993768460507,0.054189182563974654,0.03560192806933055,0.023375059132725248,0.015340694040456756,0.009971469538231173,0.006540983918284012,0.004290155069643748,0.0028136303845262937,0.0018280089745064277,0.00119876039231109,0.0007860968857220217,0.0005203225023743104,0.9999999999999883,0.5959560224064554,0.016246296934668756
"10643_S","DNTTIP2","Q5QJE6",121.0,0.94902,0.8776699999999998,0.7167139999999999,0.6826183333333332,0.4777633333333334,0.2288133333333333,0.12284,NaN,0.8878250000000001,0.7175366666666667,0.799725,0.7990349999999999,0.8442500000000001,0.7055433333333334,0.6143199999999999,0.5603875,0.937565,0.7001175000000001,0.47115,0.35972000000000004,0.26303,NaN,NaN,NaN,0.939622,0.860186,1.374375,0.663435,1.55335,0.583595,0.018052458890688548,0.026102085510548774,0.019164363313191494,0.01903632581311223,0.016315943282114744,0.011499577447953532,NaN,NaN,0.043299683745958224,0.021613855981068488,0.018975070212869653,0.0005197234841721023,0.05819918622951506,0.03650479577829214,0.04160471968418968,0.02430192142394986,0.00866942772525,0.03419291589490188,0.019662115327875245,0.011128666187423862,0.0032526911934581135,NaN,NaN,NaN,0.01593147126915779,0.041933663221807846,0.02351520230793972,0.007620817568782673,0.122364828484332,0.000781352993211151,"MVVTRSARAKASIQAASAESSGQKSFAANGIQAHPESSTGSDARTTAESQTTGKQSLIPRTPKARKRKSRTTGSLPKGTEPSTDGETSEAESNYSVSEHHDTILRVTRRRQILIACSPVSSVRKKPKVTPTKESYTEEIVSEAESHVSGISRIVLPTEKTTGARRSKAKSLTDPSQESHTEAISDAETSSSDISFSGIATRRTRSMQRKLKAQTEKKDSKIVPGNEKQIVGTPVNSEDSDTRQTSHLQARSLSEINKPNFYNNDFDDDFSHRSSENILTVHEQANVESLKETKQNCKDLDEDANGITDEGKEINEKSSQLKNLSELQDTSLQQLVSQRHSTPQNKNAVSVHSNLNSEAVMKSLTQTFATVEVGRWNNNKKSPIKASDLTKFGDCGGSDDEEESTVISVSEDMNSEGNVDFECDTKLYTSAPNTSQGKDNSVLLVLSSDESQQSENSENEEDTLCFVENSGQRESLSGDTGSLSCDNALFVIDTTPGMSADKNFYLEEEDKASEVAIEEEKEEEEDEKSEEDSSDHDENEDEFSDEEDFLNSTKAKLLKLTSSSIDPGLSIKQLGGLYINFNADKLQSNKRTLTQIKEKKKNELLQKAVITPDFEKNHCVPPYSESKYQLQKKRRKERQKTAGDGWFGMKAPEMTNELKNDLKALKMRASMDPKRFYKKNDRDGFPKYFQIGTIVDNPADFYHSRIPKKQRKRTIVEELLADSEFRRYNRRKYSEIMAEKAANAAGKKFRKKKKFRN","VSEHHDTILRVTRRRQILIACSPVSSVRKKPKVTPT","_","_","_",0.1652,0.0102,0.0015,0.94902,0.8961926781001677,0.7977633527028319,0.6702813410473661,0.5369788300104102,0.41567444891900046,0.3168565279068244,0.2380307326010085,0.17708738574345786,0.13090273670127914,0.09635189179890595,0.07011301477527977,0.051363388117299486,0.037581753993055786,0.027475639639607936,0.02007634443163666,0.014536712607371374,0.010615544304791535,0.007750875739521177,0.8878250000000001,0.8642778700297413,0.8415083646073249,0.8192707350437266,0.7975444348755695,0.776308164226312,0.7555393496853355,0.7351613659169666,0.7152480670949777,0.6956569560907842,0.6764003117070397,0.6573495229566834,0.6384931632652026,0.6197256619415752,0.6006303755796378,0.5810705192502247,0.5600344740845405,0.5358816054801097,0.5066961324685845,0.9302180432896273,0.6941183839045391,0.5163711242505111,0.37805254961028234,0.2753892132905967,0.19993739284281595,0.14353779666965236,0.10382633859299842,0.07502984463398547,0.05418580084991273,0.03911600156502435,0.027973322701153682,0.020184108136805694,0.014562044176073723,0.010505098235916145,0.007509164778633092,0.005416644835820103,0.003907139883668524,0.0028440982172013873,0.9999999979122615,0.9994559595269519,0.07259526745408634
"20309_S","ERCC6;PGBD3","Q03468",246.0,0.86236,0.64568,0.6091783333333333,0.53956,0.427492,0.177175,NaN,NaN,0.8750566666666666,0.7949999999999999,0.76747,0.743315,0.6633866666666667,0.5140233333333334,0.4832866666666667,0.33303499999999997,0.8376950000000001,0.5303,0.449245,0.36233,NaN,NaN,NaN,NaN,0.80318,0.82836,1.25715,0.548965,1.5917,0.49206,0.01849025034984654,0.0488338128554386,0.031303219809836864,0.017945499045721736,0.018271804256832433,0.003949191372926873,NaN,NaN,0.05727457748360893,0.056511630956231775,0.047251881561596154,0.002040003063723169,0.04758619738413105,0.02614608114535062,0.017969121765880412,0.02511289733384023,0.005243196782498253,0.053110790334921595,0.02232689661596525,NaN,NaN,NaN,NaN,NaN,NaN,0.12978237861897896,0.03836054287937014,0.0465665170750401,NaN,NaN,"MPNEGIPHSSQTQEQDCLQSQPVSNNEEMAIKQESGGDGEVEEYLSFRSVGDGLSTSAVGCASAAPRRGPALLHIDRHQIQAVEPSAQALELQGLGVDVYDQDVLEQGVLQQVDNAIHEASRASQLVDVEKEYRSVLDDLTSCTTSLRQINKIIEQLSPQAATSRDINRKLDSVKRQKYNKEQQLKKITAKQKHLQAILGGAEVKIELDHASLEEDAEPGPSSLGSMLMPVQETAWEELIRTGQMTPFGTQIPQKQEKKPRKIMLNEASGFEKYLADQAKLSFERKKQGCNKRAARKAPAPVTPPAPVQNKNKPNKKARVLSKKEERLKKHIKKLQKRALQFQGKVGLPKARRPWESDMRPEAEGDSEGEESEYFPTEEEEEEEDDEVEGAEADLSGDGTDYELKPLPKGGKRQKKVPVQEIDDDFFPSSGEEAEAASVGEGGGGGRKVGRYRDDGDEDYYKQRLRRWNKLRLQDKEKRLKLEDDSEESDAEFDEGFKVPGFLFKKLFKYQQTGVRWLWELHCQQAGGILGDEMGLGKTIQIIAFLAGLSYSKIRTRGSNYRFEGLGPTVIVCPTTVMHQWVKEFHTWWPPFRVAILHETGSYTHKKEKLIRDVAHCHGILITSYSYIRLMQDDISRYDWHYVILDEGHKIRNPNAAVTLACKQFRTPHRIILSGSPMQNNLRELWSLFDFIFPGKLGTLPVFMEQFSVPITMGGYSNASPVQVKTAYKCACVLRDTINPYLLRRMKSDVKMSLSLPDKNEQVLFCRLTDEQHKVYQNFVDSKEVYRILNGEMQIFSGLIALRKICNHPDLFSGGPKNLKGLPDDELEEDQFGYWKRSGKMIVVESLLKIWHKQGQRVLLFSQSRQMLDILEVFLRAQKYTYLKMDGTTTIASRQPLITRYNEDTSIFVFLLTTRVGGLGVNLTGANRVVIYDPDWNPSTDTQARERAWRIGQKKQVTVYRLLTAGTIEEKIYHRQIFKQFLTNRVLKDPKQRRFFKSNDLYELFTLTSPDASQSTETSAIFAGTGSDVQTPKCHLKRRIQPAFGADHDVPKRKKFPASNISVNDATSSEEKSEAKGAEVNAVTSNRSDPLKDDPHMSSNVTSNDRLGEETNAVSGPEELSVISGNGECSNSSGTGKTSMPSGDESIDEKLGLSYKRERPSQAQTEAFWENKQMENNFYKHKSKTKHHSVAEEETLEKHLRPKQKPKNSKHCRDAKFEGTRIPHLVKKRRYQKQDSENKSEAKEQSNDDYVLEKLFKKSVGVHSVMKHDAIMDGASPDYVLVEAEANRVAQDALKALRLSRQRCLGAVSGVPTWTGHRGISGAPAGKKSRFGKKRNSNFSVQHPSSTSPTEKCQDGIMKKEGKDNVPEHFSGRAEDADSSSGPLASSSLLAKMRARNHLILPERLESESGHLQEASALLPTTEHDDLLVEMRNFIAFQAHTDGQASTREILQEFESKLSASQSCVFRELLRNLCTFHRTSGGEGIWKLKPEYC","PSSLGSMLMPVQETAWEELIRTGQMTPFGTQIPQKQ","_","_","_",0.1562,0.0227,0.0017,0.86236,0.7906690052150431,0.6855593654799265,0.5628240516614426,0.4417168978025368,0.3356011680613215,0.251292989422723,0.18558534114774108,0.13580659443336865,0.09877720696329349,0.07155562995229797,0.05127771752035709,0.03698037340296922,0.026638589271003085,0.019174221774429574,0.013794408269621554,0.00983894709931674,0.007074363929639378,0.0050858353324162815,0.8750566666666666,0.8257016584265601,0.7792644284725082,0.7353811125005729,0.6939062463645629,0.6547018452654758,0.6176366684867897,0.5825464169534056,0.5493880864723147,0.5179642052996195,0.4881997542712225,0.4599292441402586,0.4330763958692463,0.4075102946508071,0.3829233551415335,0.3592044429534922,0.335756958355619,0.3117074144576651,0.286138202818896,0.8314869393161273,0.6101776674664934,0.44648691155993264,0.32181106009599575,0.2308433342286383,0.16506877320334934,0.1167893494070141,0.08322091251915195,0.05924743431302858,0.04215475300357157,0.029981337331082176,0.021134809418512382,0.015024859590540398,0.010680034412954162,0.007591048792098157,0.005348867322459785,0.003801491604000952,0.0027016971930692636,0.0019366929020963686,0.9999999988567569,0.8679039120832183,0.030370978687448157
"21688_S","GTF3C2","Q8WUA4",137.0,1.0575999999999999,0.841714,0.7109475000000001,0.633748,0.57948,0.29003,0.21523,0.098904,0.9366099999999999,0.9333133333333333,0.7811975,0.744255,0.6131133333333333,0.6478533333333334,0.49760000000000004,0.38029,1.0006975,0.5338325,0.433365,0.3614325,0.32606666666666667,0.207265,0.15147,NaN,1.0791216666666668,0.9249566666666666,1.1220066666666666,0.7513949999999999,1.3573,0.693495,0.016034937549682635,0.019683910769966416,0.05129390624849278,0.020026197961670107,0.011148602154530406,0.01272676879651705,0.06204154898130769,NaN,0.06075988543255969,0.024002694370362617,0.037423696335287804,0.033407259877158424,0.06284796905879152,0.053814233694703374,0.026619474074444077,0.019792347847926817,0.014558581715349211,0.019761136878458357,0.013563235310328187,0.01690733807342737,0.02598535855552621,0.010581852980456687,NaN,NaN,0.02111123214512088,0.01568903703109158,0.13896519233779903,0.018761438122294,NaN,0.005398760274359292,"MDTCGVGYVALGEAGPVGNMTVVDSPGQEVLNQLDVKTSSEMTSAEASVEMSLPTPLPGFEDSPDQRRLPPEQESLSRLEQPDLSSEMSKVSKPRASKPGRKRGGRTRKGPKRPQQPNPPSAPLVPGLLDQSNPLSTPMPKKRGRKSKAELLLLKLSKDLDRPESQSPKRPPEDFETPSGERPRRRAAQVALLYLQELAEELSTALPAPVSCPEGPKVSSPTKPKKIRQPAACPGGEEVDGAPRDEDFFLQVEAEDVEESEGPSESSSEPEPVVPRSTPRGSTSGKQKPHCRGMAPNGLPNHIMAPVWKCLHLTKDFREQKHSYWEFAEWIPLAWKWHLLSELEAAPYLPQEEKSPLFSVQREGLPEDGTLYRINRFSSITAHPERWDVSFFTGGPLWALDWCPVPEGAGASQYVALFSSPDMNETHPLSQLHSGPGLLQLWGLGTLQQESCPGNRAHFVYGIACDNGCIWDLKFCPSGAWELPGTPRKAPLLPRLGLLALACSDGKVLLFSLPHPEALLAQQPPDAVKPAIYKVQCVATLQVGSMQATDPSECGQCLSLAWMPTRPHQHLAAGYYNGMVVFWNLPTNSPLQRIRLSDGSLKLYPFQCFLAHDQAVRTLQWCKANSHFLVSAGSDRKIKFWDLRRPYEPINSIKRFLSTELAWLLPYNGVTVAQDNCYASYGLCGIHYIDAGYLGFKAYFTAPRKGTVWSLSGSDWLGTIAAGDISGELIAAILPDMALNPINVKRPVERRFPIYKADLIPYQDSPEGPDHSSASSGVPNPPKARTYTETVNHHYLLFQDTDLGSFHDLLRREPMLRMQEGEGHSQLCLDRLQLEAIHKVRFSPNLDSYGWLVSGGQSGLVRIHFVRGLASPLGHRMQLESRAHFNAMFQPSSPTRRPGFSPTSHRLLPTP","KRPQQPNPPSAPLVPGLLDQSNPLSTPMPKKRGRKS","_","_","_",0.1491,0.0222,0.0044,1.0575999999999999,0.9722176409891,0.847329505479803,0.7009655853013897,0.5554868303379652,0.42677548483141386,0.3233627643032333,0.241801715563772,0.17923541508198754,0.13208911408128893,0.0969707835756041,0.07045735361253323,0.05150437578232222,0.0376081613251631,0.027441119429696532,0.020012917536464888,0.01447602079808086,0.010551699882784142,0.007690147864270742,0.9366099999999999,0.8849411727188358,0.8362600167742085,0.7901976554222434,0.7466079900469393,0.7053522290720358,0.6662981579517809,0.6292791215071097,0.5942531435276335,0.5610186364549299,0.529499999183663,0.4995277131162423,0.4710242111834948,0.4438549482709113,0.41770089937546606,0.3924461927220869,0.3674672204548296,0.3418459804994061,0.314609172036346,0.9936173445951674,0.7385020025230373,0.5473844878567364,0.3999183156796796,0.2908496862284404,0.21089162575392517,0.15137366033194138,0.10939354921725916,0.0789875746962828,0.057000359255991104,0.041117973364853046,0.029410608874433582,0.021206768807035294,0.015289644858450241,0.011022718068118916,0.007881016466269465,0.0056811766580444414,0.004095295216158837,0.00297648378800159,0.9999999955163522,0.6900516426863371,0.09326536962700109
"15140_S","CHD8","Q9HCK8",2414.0,1.1468500000000001,0.9354966666666668,0.952318,0.6947466666666667,0.8067366666666667,0.46248,0.17776,NaN,1.09905,1.0542449999999999,0.9176433333333334,0.9091400000000001,0.93546,0.93971,0.87532,0.715245,1.2323199999999999,0.8507966666666666,0.639865,0.6312433333333334,0.34479,0.29237,NaN,NaN,1.036138,0.89667,1.445475,0.812745,1.30385,0.7654,0.20226789475841192,0.04172438300367109,0.035214550725516866,0.025157435908325036,0.03845725799628196,0.007551900423072344,NaN,NaN,0.038643385591844805,0.1333992298047481,0.028777761540106934,0.003938584771209084,0.03417447073474587,0.08831056590238792,0.013505093277887585,0.0032703688629877755,0.0712302418218554,0.006456328792857569,0.10140264795605686,0.05884135548077402,NaN,0.010882373362460958,NaN,NaN,0.03042110374066003,0.027257387879252117,0.06118367625096857,0.019205062971779086,0.14060818343894496,NaN,"MADPIMDLFDDPNLFGLDSLTDDSFNQVTQDPIEEALGLPSSLDSLDQMNQDGGGGDVGNSSASELVPPPEETAPTELSKESTAPAPESITLHDYTTQPASQEQPAQPVLQTSTPTSGLLQVSKSQEILSQGNPFMGVSATAVSSSSAGGQPPQSAPKIVILKAPPSSSVTGAHVAQIQAQGITSTAQPLVAGTANGGKVTFTKVLTGTPLRPGVSIVSGNTVLAAKVPGNQAAVQRIVQPSRPVKQLVLQPVKGSAPAGNPGATGPPLKPAVTLTSTPTQGESKRITLVLQQPQSGGPQGHRHVVLGSLPGKIVLQGNQLAALTQAKNAQGQPAKVVTIQLQVQQPQQKIQIVPQPPSSQPQPQQPPSTQPVTLSSVQQAQIMGPGQSPGQRLSVPVKVVLQPQAGSSQGASSGLSVVKVLSASEVAALSSPASSAPHSGGKTGMEENRRLEHQKKQEKANRIVAEAIARARARGEQNIPRVLNEDELPSVRPEEEGEKKRRKKSAGERLKEEKPKKSKTSGASKTKGKSKLNTITPVVGKKRKRNTSSDNSDVEVMPAQSPREDEESSIQKRRSNRQVKRKKYTEDLDIKITDDEEEEEVDVTGPIKPEPILPEPVQEPDGETLPSMQFFVENPSEEDAAIVDKVLSMRIVKKELPSGQYTEAEEFFVKYKNYSYLHCEWATISQLEKDKRIHQKLKRFKTKMAQMRHFFHEDEEPFNPDYVEVDRILDESHSIDKDNGEPVIYYLVKWCSLPYEDSTWELKEDVDEGKIREFKRIQSRHPELKRVNRPQASAWKKLELSHEYKNRNQLREYQLEGVNWLLFNWYNRQNCILADEMGLGKTIQSIAFLQEVYNVGIHGPFLVIAPLSTITNWEREFNTWTEMNTIVYHGSLASRQMIQQYEMYCKDSRGRLIPGAYKFDALITTFEMILSDCPELREIEWRCVIIDEAHRLKNRNCKLLDSLKHMDLEHKVLLTGTPLQNTVEELFSLLHFLEPSQFPSESEFLKDFGDLKTEEQVQKLQAILKPMMLRRLKEDVEKNLAPKQETIIEVELTNIQKKYYRAILEKNFSFLSKGAGHTNMPNLLNTMMELRKCCNHPYLINGAEEKILTEFREACHIIPHDFHLQAMVRSAGKLVLIDKLLPKLKAGGHKVLIFSQMVRCLDILEDYLIQRRYLYERIDGRVRGNLRQAAIDRFSKPDSDRFVFLLCTRAGGLGINLTAADTCIIFDSDWNPQNDLQAQARCHRIGQSKAVKVYRLITRNSYEREMFDKASLKLGLDKAVLQSMSGRDGNITGIQQFSKKEIEDLLRKGAYAAIMEEDDEGSKFCEEDIDQILLRRTTTITIESEGKGSTFAKASFVASENRTDISLDDPNFWQKWAKKADLDMDLLNSKNNLVIDTPRVRKQTRHFSTLKDDDLVEFSDLESEDDERPRSRRHDRHHAYGRTDCFRVEKHLLVYGWGRWRDILSHGRFKRRMTERDVETICRAILVYCLLHYRGDENIKGFIWDLISPAENGKTKELQNHSGLSIPVPRGRKGKKVKSQSTFDIHKADWIRKYNPDTLFQDESYKKHLKHQCNKVLLRVRMLYYLRQEVIGDQAEKVLGGAIASEIDIWFPVVDQLEVPTTWWDSEADKSLLIGVFKHGYEKYNTMRADPALCFLEKAGRPDDKAIAAEHRVLDNFSDIVEGVDFDKDCEDPEYKPLQGPPKDQDDEGDPLMMMDEEISVIDGDEAQVTQQPGHLFWPPGSALTARLRRLVTAYQRSYKREQMKIEAAERGDRRRRRCEAAFKLKEIARREKQQRWTRREQTDFYRVVSTFGVEYDPDTMQFHWDRFRTFARLDKKTDESLTKYFHGFVAMCRQVCRLPPAAGDEPPDPNLFIEPITEERASRTLYRIELLRRLREQVLCHPLLEDRLALCQPPGPELPKWWEPVRHDGELLRGAARHGVSQTDCNIMQDPDFSFLAARMNYMQNHQAGAPAPSLSRCSTPLLHQQYTSRTASPLPLRPDAPVEKSPEETATQVPSLESLTLKLEHEVVARSRPTPQDYEMRVSPSDTTPLVSRSVPPVKLEDEDDSDSELDLSKLSPSSSSSSSSSSSSSSTDESEDEKEEKLTDQSRSKLYDEESLLSLTMSQDGFPNEDGEQMTPELLLLQERQRASEWPKDRVLINRIDLVCQAVLSGKWPSSRRSQEMVTGGILGPGNHLLDSPSLTPGEYGDSPVPTPRSSSAASMAEEEASAVSTAAAQFTKLRRGMDEKEFTVQIKDEEGLKLTFQKHKLMANGVMGDGHPLFHKKKGNRKKLVELEVECMEEPNHLDVDLETRIPVINKVDGTLLVGEDAPRRAELEMWLQGHPEFAVDPRFLAYMEDRRKQKWQRCKKNNKAELNCLGMEPVQTANSRNGKKGHHTETVFNRVLPGPIAPESSKKRARRMRPDLSKMMALMQGGSTGSLSLHNTFQHSSSGLQSVSSLGHSSATSASLPFMPFVMGGAPSSPHVDSSTMLHHHHHHPHPHHHHHHHPGLRAPGYPSSPVTTASGTTLRLPPLQPEEDDDEDEEDDDDLSQGYDSSERDFSLIDDPMMPANSDSSEDADD","SRNGKKGHHTETVFNRVLPGPIAPESSKKRARRMRP","helicase activity(GO:0003824);binding(GO:0004386)","DNA repair(GO:0008152);transcription from RNA polymerase II promoter(GO:0044238);cellular process(GO:0006139);regulation of transcription from RNA polymerase II promoter(GO:0006259);chromatin organization(GO:0006281)","_",0.1262,0.009,0.0033,1.1468500000000001,1.094443311654162,0.9983498644330164,0.8713762364712324,0.73337895104239,0.6012647850623403,0.48718608095978727,0.39037455718402264,0.31048999285897766,0.24574217464763332,0.19386475092939942,0.15160688485351992,0.11917003679404664,0.09358561328511782,0.07344829812216913,0.05762032074493505,0.044889843767274167,0.03520001310434991,0.027598529914200937,1.09905,1.0734649724496306,1.0486212907990449,1.0242876422168223,1.0004455303720345,0.9770755724579719,0.9541569793891801,0.9316164357740834,0.9095258690480144,0.8877473800855066,0.8662926039943152,0.8450350438868387,0.8239618485438425,0.8029667741718952,0.7816325517808665,0.7598135901478204,0.7364817369813591,0.7099445502819554,0.6781617837273194,1.2249361692843694,0.9764909561604427,0.7766302803312322,0.6101831109455336,0.477561027548387,0.37281354019148044,0.28855623955322124,0.22462936772675857,0.17473735548631186,0.13586101635109016,0.10560015376575584,0.0814925539668357,0.06331873073346514,0.04919332656691301,0.03821672264858975,0.02948190197127976,0.022901973993969066,0.01779027253074286,0.013916023371620177,0.9999440916139029,0.9999999999947108,0.06715377113237428
"17588_S","LIG1","P18858",233.0,1.0193860000000001,0.9444716666666667,0.8335800000000001,0.7363966666666667,0.668025,0.35749666666666663,NaN,NaN,1.0439375,0.8109774999999999,0.9337724999999999,0.9611525000000001,1.014425,0.8646799999999999,0.7675866666666668,0.6397133333333332,0.949645,0.7547366666666666,0.4716125,0.43182750000000003,0.42547666666666667,NaN,NaN,NaN,1.01695,0.9532324999999999,1.2094749999999999,0.77935,1.19575,0.640625,0.0497966544579051,0.010040298104066354,0.007238915250229139,0.01179947850385613,0.03485281686965919,0.03671246387405378,NaN,NaN,0.02069453514568118,0.015257037908098889,0.00888463030908808,0.01698555959913696,0.022432176898746735,0.00506288455329568,0.008584496577055718,0.015259594553130378,0.02304438737704549,0.012393074380176727,0.00417045829565928,0.0065054404715719815,0.029006784710809624,NaN,NaN,NaN,0.018338631598047026,0.012923847043192419,0.02701519923271588,0.01047683794535991,0.01785444622496032,0.07483664618687827,"MQRSIMSFFHPKKEGKAKKPEKEASNSSRETEPPPKAALKEWNGVVSESDSPVKRPGRKAARVLGSEGEEEDEALSPAKGQKPALDCSQVSPPRPATSPENNASLSDTSPMDSSPSGIPKRRTARKQLPKRTIQEVLEEQSEDEDREAKRKKEEEEEETPKESLTEAEVATEKEGEDGDQPTTPPKPLKTSKAETPTESVSEPEVATKQELQEEEEQTKPPRRAPKTLSSFFTPRKPAVKKEVKEEEPGAPGKEGAAEGPLDPSGYNPAKNNYHPVEDACWKPGQKVPYLAVARTFEKIEEVSARLRMVETLSNLLRSVVALSPPDLLPVLYLSLNHLGPPQQGLELGVGDGVLLKAVAQATGRQLESVRAEAAEKGDVGLVAENSRSTQRLMLPPPPLTASGVFSKFRDIARLTGSASTAKKIDIIKGLFVACRHSEARFIARSLSGRLRLGLAEQSVLAALSQAVSLTPPGQEFPPAMVDAGKGKTAEARKTWLEEQGMILKQTFCEVPDLDRIIPVLLEHGLERLPEHCKLSPGIPLKPMLAHPTRGISEVLKRFEEAAFTCEYKYDGQRAQIHALEGGEVKIFSRNQEDNTGKYPDIISRIPKIKLPSVTSFILDTEAVAWDREKKQIQPFQVLTTRKRKEVDASEIQVQVCLYAFDLIYLNGESLVREPLSRRRQLLRENFVETEGEFVFATSLDTKDIEQIAEFLEQSVKDSCEGLMVKTLDVDATYEIAKRSHNWLKLKKDYLDGVGDTLDLVVIGAYLGRGKRAGRYGGFLLASYDEDSEELQAICKLGTGFSDEELEEHHQSLKALVLPSPRPYVRIDGAVIPDHWLDPSAVWEVKCADLSLSPIYPAARGLVDSDKGISLRFPRFIRVREDKQPEQATTSAQVACLYRKQSQIQNQQGEDSGSDPEDTY","KQELQEEEEQTKPPRRAPKTLSSFFTPRKPAVKKEV","DNA ligase activity(GO:0003824)","nitrogen compound metabolic process(GO:0008152);biosynthetic process(GO:0006807);DNA replication(GO:0009058);DNA repair(GO:0044238);RNA metabolic process(GO:0006139);cellular process(GO:0006259);response to stress(GO:0006260)","intracellular(GO:0044464)",0.1234,0.0096,0.0021,1.0193860000000001,0.9718690792312316,0.8865730111724008,0.7746043885625781,0.6531241456312322,0.5367582558027353,0.43608067150675545,0.350445035553399,0.2795914654278756,0.2219940032930609,0.17570211491320595,0.13787894244916463,0.1087420561244751,0.08568405596743008,0.06747441029069022,0.05311331790666527,0.04152534915201245,0.03267253589625999,0.02570407220977447,1.0439375,1.0181309610964164,0.9930973367725268,0.9686191909798931,0.9446768638758295,0.9212499937037983,0.8983170435585701,0.8758083186935445,0.8537878497265186,0.832126976242849,0.810834643928302,0.7897935082114832,0.768990610474902,0.748327955911028,0.7274250678661837,0.7061504496552908,0.6835722822910366,0.6581611666968323,0.6280789181746547,0.944080780538083,0.7548834140836115,0.602232677441861,0.474751248932956,0.37284468642438867,0.29208445282267204,0.22690681585762473,0.17726725008698915,0.13838839181964493,0.1079854781949729,0.08423541759381967,0.06524946257582337,0.0508808484916528,0.039672755336438714,0.0309317316814618,0.02395181764010806,0.01867330448953149,0.014557819073879964,0.011426869100273218,0.9999999999999235,0.5452651381758096,0.018263938832787593
"22035_S","WIBG","Q9BRP8",72.0,0.9918,0.9353616666666666,1.0004199999999999,0.7473933333333335,0.6764366666666667,0.39121333333333336,0.22538399999999997,0.06927733333333334,1.0122433333333334,1.011095,0.8950125,0.9257225,0.8827225000000001,0.8717799999999999,0.7638966666666667,0.64996,1.1716,0.70772,0.714235,0.46619,0.368525,0.19513,0.12461,NaN,1.1730139999999998,0.546178,2.1889000000000003,0.25773050000000003,10.446,0.43867500000000004,0.015399730481047022,0.013597783864237531,0.04963390492395295,0.014747300267682393,0.01496786616079284,0.012209918220977686,0.00912951012924571,0.008267903847834532,0.026873776216753544,0.011654495824215934,0.03157491906660253,0.009517654511266595,0.006647010410390024,0.038478619171344146,0.022620920585779608,0.014306073690724676,NaN,NaN,0.0012056170619230721,NaN,0.0032845109986115203,NaN,NaN,NaN,0.10253299037480572,0.017755621611196832,0.03521391770309011,0.12681217658460484,NaN,0.22920512758771347,"MEAAGSPAATETGKYIASTQRPDGTWRKQRRVKEGYVPQEEVPVYENKYVKFFKSKPELPPGLSPEATAPVTPSRPEGGEPGLSKTAKRNLKRKEKRRQQQEKGEAEALSRTLDKVSLEETAQLPSAPQGSRAAPTAASDQPDSAATTEKAKKIKNLKKKLRQVEELQQRIQAGEVSQPSKEQLEKLARRRALEEELEDLELGL","NKYVKFFKSKPELPPGLSPEATAPVTPSRPEGGEPG","_","_","_",0.1219,0.0082,0.0023,0.9918,0.949158043758163,0.8696080120291255,0.7634754013070741,0.6471496267185909,0.5348313960133512,0.4370135566210932,0.3532608031267526,0.283520977344991,0.22647154438094771,0.1803338661112916,0.14238731782967193,0.11298414009495823,0.08957181327663359,0.07096840668615793,0.0562064454508285,0.04421693414601134,0.035003967917982784,0.02770741940793941,1.0122433333333334,0.9906940277908661,0.9697336679305824,0.949158649378145,0.9289545801957749,0.9091061536015209,0.8895966707075322,0.8703618949214713,0.8514684004779695,0.832793179124477,0.814347984129588,0.796018979521479,0.7777949985839016,0.7595794392044554,0.7409900645291815,0.721890608302036,0.7013317135894414,0.6777423210672116,0.6492125067652101,1.1648184905679582,0.9369210123042685,0.7519230484742156,0.5963815223470592,0.4712538801026346,0.3714646438685637,0.2903908377842391,0.2282761391798164,0.17932138416936005,0.14079936046292532,0.11051840865234751,0.08615062494804648,0.06759930780529634,0.05303800224065454,0.04161081622513847,0.032425290768022745,0.0254374834229696,0.019955239110808622,0.015760122727741625,0.4131118579315675,0.99999999999996,0.07454177977615296
"18825_S","PRC1","O43663",481.0,0.9942433333333334,0.9489933333333332,0.9678466666666666,0.8464499999999999,0.81034,0.42992333333333327,0.20783000000000001,0.06909,0.9939,1.041125,0.97262,0.9805299999999999,0.9524050000000001,0.8989450000000001,0.9719800000000001,0.806235,0.9349,0.6827933333333333,0.5264066666666667,0.37882666666666664,0.3826,0.083797,0.073296,NaN,1.0119449999999999,0.9778125000000001,1.04194,0.95891,1.1374,0.93295,0.047131036522696006,0.03971169913448865,0.018114305376118037,0.03578418008623985,0.02391781228382824,0.03099303368560485,0.013675445148147837,NaN,0.006929646455628187,0.04226730784542589,0.027350890296295692,0.005267945519839788,0.04298855676223619,0.01254053876434342,0.00878226622233695,0.015425534431584516,0.01934001407560099,0.0272688844520501,0.006887452628055137,0.025875904135214577,NaN,NaN,NaN,NaN,0.027937026617913367,0.013258054686208685,0.05236832821467576,0.04168510565337857,NaN,NaN,"MRRSEVLAEESIVCLQKALNHLREIWELIGIPEDQRLQRTEVVKKHIKELLDMMIAEEESLKERLIKSISVCQKELNTLCSELHVEPFQEEGETTILQLEKDLRTQVELMRKQKKERKQELKLLQEQDQELCEILCMPHYDIDSASVPSLEELNQFRQHVTTLRETKASRREEFVSIKRQIILCMEALDHTPDTSFERDVVCEDEDAFCLSLENIATLQKLLRQLEMQKSQNEAVCEGLRTQIRELWDRLQIPEEEREAVATIMSGSKAKVRKALQLEVDRLEELKMQNMKKVIEAIRVELVQYWDQCFYSQEQRQAFAPFCAEDYTESLLQLHDAEIVRLKNYYEVHKELFEGVQKWEETWRLFLEFERKASDPNRFTNRGGNLLKEEKQRAKLQKMLPKLEEELKARIELWEQEHSKAFMVNGQKFMEYVAEQWEMHRLEKERAKQERQLKNKKQTETEMLYGSAPRTPSKRRGLAPNTPGKARKLNTTTMSNATANSSIRPIFGGTVYHSPVSRLPPSGSKPVAASTCSGKKTPRTGRHGANKENLELNGSILSGGYPGSAPLQRNFSINSVASTYSEFAKDPSLSDSSTVGLQRELSKASKSDATSGILNSTNIQS","KQTETEMLYGSAPRTPSKRRGLAPNTPGKARKLNTT","structural constituent of cytoskeleton(GO:0005198);microtubule binding(GO:0005200)","cytokinesis(GO:0009987);mitosis(GO:0000910)","microtubule(GO:0032991);cytoskeleton(GO:0043234);intracellular(GO:0005874)",0.1207,0.0019,0.0017,0.9942433333333334,0.9668241557345941,0.9004491917211864,0.8039697316597377,0.6932798276985507,0.583026402136558,0.4848219570982342,0.39888243372465476,0.32585723456575466,0.26495298383978916,0.21476272443617236,0.172629686947622,0.13944502828136493,0.11253876744787432,0.09077027323719176,0.07318367387371777,0.05861313393842557,0.04723620365098328,0.03806323283876792,0.9939,0.9881930677289508,0.9826495296442856,0.9770778466728914,0.971469834126677,0.9658157177244211,0.9601035194974481,0.9542688124101306,0.9483872780834488,0.9423270368683648,0.93610112820913,0.9295783197026021,0.9227397296818497,0.9154636087801932,0.9072744812791503,0.8979700260502657,0.8863187667249083,0.8702215644703415,0.8470098768822413,0.9295416863875695,0.7610214609386289,0.6216704492720013,0.501942888689183,0.4037795438020832,0.32402358368151357,0.2578975525031755,0.20639836732335679,0.16506776154721867,0.13195240197535169,0.10544815981260189,0.08369128014758892,0.06685798287907382,0.05340572352964409,0.042657633645893124,0.03384490034693587,0.027031719175309908,0.021589704396745416,0.01735844621750857,0.9999999999991764,0.565482134100873,0.030049874925605628
